"","all-MiniLM-L12-v2+Euclidean distance","e5-large+Euclidean distance","all-mpnet-base-v2+Euclidean distance","LTE-3+Euclidean distance","all-MiniLM-L6-v2+Euclidean distance","LTE-3+AP","LTE-3+K-means","ADA-002+Euclidean distance","ADA-002+AP","ADA-002+K-means","nomic+Euclidean distance","all-roberta-large-v1+Euclidean distance","e5large_v2+Euclidean distance","gtr-t5-large+Euclidean distance","embed-english-v2.0+Euclidean distance","sapBERT+Euclidean distance","BioGPT+Euclidean distance","ClinicalBERT+Euclidean distance","LaBSE+Euclidean distance","MedLlama_13B+Euclidean distance","Levenshtein","Levenshtein+AP","Llama3.3_70B+Euclidean distance","Jaro Winkler","Jaro Winkler+AP","Cosine","Cosine+AP","DeepSeek_8B+Euclidean distance","PubMedBERT+Euclidean distance","LLama3.2_3B+Euclidean distance","BioBERT+Euclidean distance","LLama3.0+Euclidean distance","sciBERT+Euclidean distance","ModernBERT+Euclidean distance","Phi-4+Euclidean distance","MedLlama2+Euclidean distance"
"all-MiniLM-L12-v2+Euclidean distance",NA,0.948788456378946,0.777297917613865,0.771764002928793,0.220223644322909,0.328241602885054,0.128373273743555,0.0305676745305528,0.0131494069111439,0.000341350073709252,2.18480567144335e-06,1.62645335001513e-08,1.27661153774643e-09,3.58214379846231e-14,1.3811814714512e-15,2.72063775975662e-17,9.78554357452627e-50,1.74351689225018e-51,1.29359473588976e-61,3.70547538462014e-69,3.23998375429276e-75,6.77947051010605e-77,5.72620024648104e-82,2.37685539923534e-91,1.24084549734936e-91,3.36158622992538e-97,2.59047696382035e-96,1.83049541698026e-97,7.4460515113911e-96,1.78225133719383e-98,2.20498348401563e-100,1.98122397883866e-100,2.75748578780637e-103,6.66521578270626e-105,3.4347264249196e-114,1.43847774227533e-118
"e5-large+Euclidean distance",0.948788456378946,NA,0.890301915526987,0.859835743039612,0.455329369556431,0.363758224228448,0.145261093138609,0.0259619455814965,0.010649194459536,0.000238825081781772,2.45261063786311e-06,1.32576186010232e-08,7.86242152529419e-10,1.02100987426786e-13,5.36389289605778e-16,3.46291491690643e-18,2.11022004705686e-51,1.5645579245532e-49,1.69441154899009e-61,1.43550126421424e-70,3.73464869440165e-74,1.59133683089258e-75,3.16291634641226e-81,5.52387973681089e-92,1.30406953981405e-92,4.46708236041779e-96,2.85634702477416e-96,2.02700535121585e-97,2.49566855308189e-100,1.86567959903403e-99,1.45276852836561e-103,3.69401808479117e-102,1.45276852836561e-103,6.18843344101685e-106,2.83843549814633e-115,3.69214004639365e-119
"all-mpnet-base-v2+Euclidean distance",0.777297917613865,0.890301915526987,NA,1,0.579956232433616,0.47184325699791,0.203322373489049,0.0565533443960402,0.0245903754903177,0.000772438502174391,3.2373761393752e-06,1.32230503793957e-09,3.3747838570094e-09,5.32083171212305e-13,1.64131184315178e-16,5.19283768030568e-18,1.79933105459683e-49,1.86443711302756e-50,9.96927254953593e-63,1.26913213519582e-69,3.89104509969304e-76,7.84576344024709e-78,6.34208901328767e-83,2.36705996497443e-91,2.78272293610416e-91,3.60428166354657e-96,2.65503915136097e-95,3.18902503671667e-98,1.28231674924329e-98,1.52107002065657e-99,1.36438000575124e-102,1.56092589287443e-101,1.15695545594672e-103,7.9191237835496e-107,2.89496973438991e-114,1.31682323856609e-117
"LTE-3+Euclidean distance",0.771764002928793,0.859835743039612,1,NA,0.679425969686851,0.0434253620622856,0.014406235346908,0.0509838212852179,0.021618270084962,0.000482897624350278,2.60963726425866e-05,9.60982397126851e-08,1.29037313927911e-08,2.00954853968401e-12,4.28214819149341e-18,2.58824582611351e-22,7.60054384439182e-51,6.97854511886203e-52,7.64994211581135e-65,4.88829682062977e-74,9.76679241428729e-79,4.31904147457018e-80,1.79421787427567e-84,2.15012461396963e-96,2.01697385470501e-97,1.09202988436187e-99,6.91284145285012e-100,7.83341336938609e-100,2.1288197506772e-101,2.85205083828359e-102,1.21675413966925e-104,1.53204937746493e-103,9.61836975707966e-106,2.27315819333787e-107,1.38049215667683e-115,3.69214004639365e-119
"all-MiniLM-L6-v2+Euclidean distance",0.220223644322909,0.455329369556431,0.579956232433616,0.679425969686851,NA,0.866324036062235,0.465168865131917,0.180014038680226,0.0920242574819886,0.00502107361080766,0.000129001939505127,3.73308507227649e-06,3.89723030787047e-07,6.65918574100916e-11,1.15251328024756e-13,7.94459729280038e-15,1.26884207813195e-47,1.33616878741652e-48,1.62680331508592e-57,8.73032775022724e-65,6.0461062255472e-72,1.24708793740933e-73,5.11750785091579e-79,2.16886707552921e-88,1.11568270155469e-88,8.09210119964994e-93,5.55952295166895e-92,1.1529304796487e-95,1.37549074789692e-93,5.65482310075928e-96,1.59555143817139e-97,1.3838795385896e-97,2.11380949971661e-100,1.08050992510957e-101,1.0745414597994e-111,3.71888401586463e-116
"LTE-3+AP",0.328241602885054,0.363758224228448,0.47184325699791,0.0434253620622856,0.866324036062235,NA,0.294741832109883,0.271565950870795,0.141895135727743,0.00693037830082174,0.00106317316709045,6.73262135105364e-06,2.0524903067707e-06,1.76926866012433e-09,2.99731941899268e-15,4.19356738358531e-19,2.62232990522913e-46,1.62051486432837e-47,1.17160809508295e-59,8.81852806687592e-69,4.661977694467e-74,2.038310907919e-75,7.25083641685748e-81,1.06770756045748e-92,1.00556261310365e-93,1.92552461238374e-96,2.83183649059256e-96,6.36998940561529e-96,2.01697385470501e-97,5.81541575907036e-98,1.21897569643901e-100,1.36169530196176e-99,2.1288197506772e-101,4.83160896292829e-103,5.68478617778762e-112,8.91107089862751e-116
"LTE-3+K-means",0.128373273743555,0.145261093138609,0.203322373489049,0.014406235346908,0.465168865131917,0.294741832109883,NA,0.66302300465985,0.41374553268498,0.038929706245307,0.00966681667186014,0.000213723971602004,8.75625279948756e-05,3.09826785510861e-07,2.12925838922354e-12,9.38207447639587e-16,5.37771048610514e-42,1.2470959409681e-42,2.63344516346157e-54,7.08254082294634e-64,6.17735903207923e-70,1.23046849995209e-71,4.1797052430794e-75,1.80601547036574e-86,1.83742206030492e-87,7.1147027304499e-90,8.29566627910072e-91,1.40595162809057e-90,4.77801388829455e-92,2.48651379118394e-92,4.46708236041779e-96,1.02742951025261e-94,7.45025472726478e-97,3.46265996426275e-99,7.9191237835496e-107,6.46415982632514e-112
"ADA-002+Euclidean distance",0.0305676745305528,0.0259619455814965,0.0565533443960402,0.0509838212852179,0.180014038680226,0.271565950870795,0.66302300465985,NA,0.328241602885054,0.0012182172939856,0.0266466267333219,0.00060292932635422,0.000396407309990498,3.44121334533745e-07,2.18771802992183e-11,5.19687941163352e-13,6.90617469725059e-43,1.31679678523524e-40,6.37496314531019e-53,1.0614745256621e-63,5.61127737408167e-67,2.70338066607472e-69,8.32723282066702e-73,4.091707662108e-85,9.26199769952659e-86,1.2502007671981e-89,1.76973620797567e-89,1.74545609197929e-92,2.78606372305049e-93,3.14759157366902e-94,3.11932677571029e-96,2.85634702477416e-96,1.90892670706878e-98,5.51482887023604e-99,3.48523190140231e-108,5.90020654290771e-113
"ADA-002+AP",0.0131494069111439,0.010649194459536,0.0245903754903177,0.021618270084962,0.0920242574819886,0.141895135727743,0.41374553268498,0.328241602885054,NA,0.0121304829774071,0.0785422518627489,0.00250005035825312,0.0019197324350576,5.49953915106566e-06,2.9776796277552e-10,8.5067206935032e-12,1.60307686193252e-40,3.31834193772636e-38,2.40464053890144e-50,1.58038897820401e-61,1.24437630600261e-63,8.67170580463788e-67,6.29657982276832e-71,9.6951413005767e-82,2.26914869762837e-82,6.83418619954411e-87,9.4821013037721e-87,1.76050560722318e-90,3.56978449742407e-90,7.2604232236883e-92,4.03525921888769e-93,1.52135210276651e-93,2.1428348130565e-95,2.07096456705865e-97,8.63935461087048e-106,1.51117041768722e-110
"ADA-002+K-means",0.000341350073709252,0.000238825081781772,0.000772438502174391,0.000482897624350278,0.00502107361080766,0.00693037830082174,0.038929706245307,0.0012182172939856,0.0121304829774071,NA,0.589463515535491,0.0780638824974335,0.0529224987349003,0.00118131217422332,4.72267703232975e-07,1.78639870878843e-08,4.27582902036517e-33,1.3038800580673e-32,2.19460119130826e-43,3.05506010542592e-54,5.12206608848661e-58,1.73141539686567e-60,6.42295500577918e-65,9.83242235504674e-76,1.09016366638117e-76,1.93907840184129e-80,2.55775664171845e-80,3.30366369594427e-82,2.68307002311563e-83,1.16086541026586e-84,5.72557287897736e-87,4.98185484096777e-86,3.04844961746087e-89,3.11669083498773e-90,2.75306903241865e-98,1.21675413966925e-104
"nomic+Euclidean distance",2.18480567144335e-06,2.45261063786311e-06,3.2373761393752e-06,2.60963726425866e-05,0.000129001939505127,0.00106317316709045,0.00966681667186014,0.0266466267333219,0.0785422518627489,0.589463515535491,NA,0.1783048140753,0.0809639715584991,0.00193127897277275,6.687519348572e-06,3.2700701231584e-08,4.71033639129598e-36,1.89764642965006e-39,4.64287734478132e-49,3.15001066751356e-53,1.63655383665945e-60,6.79829809424054e-62,5.72118146883683e-67,2.90398427241273e-76,1.46184628310585e-76,8.73367606366887e-82,1.2191075141243e-81,1.90464762617549e-81,2.91574104097105e-83,7.0203060459878e-83,2.44216288547745e-87,3.05551780241857e-84,2.88908629243541e-89,5.84191845903085e-91,4.23322174280211e-99,5.69528455530758e-103
"all-roberta-large-v1+Euclidean distance",1.62645335001513e-08,1.32576186010232e-08,1.32230503793957e-09,9.60982397126851e-08,3.73308507227649e-06,6.73262135105364e-06,0.000213723971602004,0.00060292932635422,0.00250005035825312,0.0780638824974335,0.1783048140753,NA,0.813834868779729,0.188749672099684,0.00063418798942625,2.89394328206638e-05,1.19096159304134e-30,7.64811641719962e-29,9.47216519807198e-44,1.70208411127754e-50,1.77182052071636e-53,7.32223298921939e-55,6.48854395367117e-62,7.77124828984721e-73,7.99263217733581e-74,6.15770782861562e-77,8.48333891549543e-77,1.09530312399987e-74,1.91817326723966e-78,4.26804102613574e-78,4.47113262638447e-81,1.78572530948099e-80,5.9876321432613e-82,1.59435642582148e-89,3.71752035131074e-95,2.75306903241865e-98
"e5large_v2+Euclidean distance",1.27661153774643e-09,7.86242152529419e-10,3.3747838570094e-09,1.29037313927911e-08,3.89723030787047e-07,2.0524903067707e-06,8.75625279948756e-05,0.000396407309990498,0.0019197324350576,0.0529224987349003,0.0809639715584991,0.813834868779729,NA,0.29127681613463,0.00585870499131972,0.000183676711735282,1.39475268251697e-28,1.69656083313035e-29,2.5604490369453e-40,2.24961407128454e-47,1.0279676898747e-52,1.17735061465742e-54,2.84999968572614e-60,1.86632213052303e-68,4.37675526899855e-69,8.21937255633148e-73,1.06280238521408e-72,2.58182668097336e-73,1.09016366638117e-76,1.05198085014914e-76,4.51211460517708e-81,2.07119168581996e-79,1.92409032666475e-84,2.86985649113347e-83,3.1950736859352e-92,9.58006682764421e-99
"gtr-t5-large+Euclidean distance",3.58214379846231e-14,1.02100987426786e-13,5.32083171212305e-13,2.00954853968401e-12,6.65918574100916e-11,1.76926866012433e-09,3.09826785510861e-07,3.44121334533745e-07,5.49953915106566e-06,0.00118131217422332,0.00193127897277275,0.188749672099684,0.29127681613463,NA,0.0495662157809202,0.00427609312783943,3.60899730262098e-24,1.26306399271831e-26,8.69006543276136e-38,7.59385847459141e-45,3.00810949791809e-52,3.04964535893531e-54,4.25047060194469e-58,4.77455052739689e-69,5.39118631931763e-69,3.46537354502889e-73,4.84299144138787e-73,6.90744835796194e-71,5.82447508773996e-72,2.50974808298672e-73,1.37789687671097e-75,1.1237319063584e-75,3.76104600439912e-77,1.41356588662212e-80,3.25095610671219e-89,1.08666388822073e-94
"embed-english-v2.0+Euclidean distance",1.3811814714512e-15,5.36389289605778e-16,1.64131184315178e-16,4.28214819149341e-18,1.15251328024756e-13,2.99731941899268e-15,2.12925838922354e-12,2.18771802992183e-11,2.9776796277552e-10,4.72267703232975e-07,6.687519348572e-06,0.00063418798942625,0.00585870499131972,0.0495662157809202,NA,0.35616473932998,1.54080607278522e-16,1.67675643910532e-16,1.58290859792396e-26,1.01043262109623e-35,1.1742017782311e-40,2.80034316016452e-42,2.98104007030565e-49,3.97792643643028e-59,2.11564887895729e-60,1.67384865568872e-64,1.02428683534966e-64,5.31956542805976e-64,4.63328948234062e-65,8.40698775407715e-66,4.88977479928631e-69,6.063460694704e-66,5.99987070436898e-70,9.52174497857661e-75,1.12688876038993e-82,1.06890604871281e-86
"sapBERT+Euclidean distance",2.72063775975662e-17,3.46291491690643e-18,5.19283768030568e-18,2.58824582611351e-22,7.94459729280038e-15,4.19356738358531e-19,9.38207447639587e-16,5.19687941163352e-13,8.5067206935032e-12,1.78639870878843e-08,3.2700701231584e-08,2.89394328206638e-05,0.000183676711735282,0.00427609312783943,0.35616473932998,NA,6.587150595502e-12,3.17459011471686e-13,4.60024744449275e-22,1.51418931541649e-30,2.08706666689205e-33,9.43844096531434e-35,6.10267364336974e-45,5.27154906390593e-54,4.7441619955782e-54,1.56889764746705e-60,3.97792643643028e-59,8.5418896296222e-56,2.6419706112107e-59,1.09059196857345e-58,3.03240400652501e-62,2.36513487588081e-60,5.17138876327943e-66,4.53416161002192e-67,7.84979211601463e-75,1.66782532149153e-80
"BioGPT+Euclidean distance",9.78554357452627e-50,2.11022004705686e-51,1.79933105459683e-49,7.60054384439182e-51,1.26884207813195e-47,2.62232990522913e-46,5.37771048610514e-42,6.90617469725059e-43,1.60307686193252e-40,4.27582902036517e-33,4.71033639129598e-36,1.19096159304134e-30,1.39475268251697e-28,3.60899730262098e-24,1.54080607278522e-16,6.587150595502e-12,NA,1,0.014928044792537,1.72545471833675e-08,2.98477368234221e-10,2.45153292025972e-11,7.05636986947134e-18,1.75028086602929e-24,3.07019036752555e-25,1.70046708755419e-24,2.2138678783971e-24,2.36831528767883e-28,6.94161931766572e-30,1.19096159304134e-30,4.64305910888706e-33,8.04662167777764e-33,7.46997922386259e-35,6.31234934971916e-40,1.71678647089103e-45,2.21374481185695e-51
"ClinicalBERT+Euclidean distance",1.74351689225018e-51,1.5645579245532e-49,1.86443711302756e-50,6.97854511886203e-52,1.33616878741652e-48,1.62051486432837e-47,1.2470959409681e-42,1.31679678523524e-40,3.31834193772636e-38,1.3038800580673e-32,1.89764642965006e-39,7.64811641719962e-29,1.69656083313035e-29,1.26306399271831e-26,1.67675643910532e-16,3.17459011471686e-13,1,NA,0.0152075244078215,1.35743426266833e-06,7.90374128134825e-10,4.12020148404552e-11,3.86727568331563e-16,6.12446977246821e-23,1.71347657120677e-23,5.45468098190655e-29,9.19919323349313e-29,8.42315267974434e-28,3.44540808426404e-26,3.70324393949753e-29,3.13987617938164e-31,1.69066207986422e-30,5.16470482517824e-37,3.64480057669799e-35,1.04256541412524e-43,3.59894144113563e-51
"LaBSE+Euclidean distance",1.29359473588976e-61,1.69441154899009e-61,9.96927254953593e-63,7.64994211581135e-65,1.62680331508592e-57,1.17160809508295e-59,2.63344516346157e-54,6.37496314531019e-53,2.40464053890144e-50,2.19460119130826e-43,4.64287734478132e-49,9.47216519807198e-44,2.5604490369453e-40,8.69006543276136e-38,1.58290859792396e-26,4.60024744449275e-22,0.014928044792537,0.0152075244078215,NA,0.00644491827344081,0.000113069595062485,2.01611309412706e-05,1.26359715398308e-09,7.54818418098675e-16,4.11257626069975e-16,2.34171190549872e-21,7.86598213134773e-21,1.40946240845877e-19,8.8263550240849e-21,6.28021518870203e-22,1.67041526570759e-24,3.14149984655196e-23,4.89750076579505e-26,3.83226840153683e-29,1.7889391886157e-37,3.1241298838498e-43
"MedLlama_13B+Euclidean distance",3.70547538462014e-69,1.43550126421424e-70,1.26913213519582e-69,4.88829682062977e-74,8.73032775022724e-65,8.81852806687592e-69,7.08254082294634e-64,1.0614745256621e-63,1.58038897820401e-61,3.05506010542592e-54,3.15001066751356e-53,1.70208411127754e-50,2.24961407128454e-47,7.59385847459141e-45,1.01043262109623e-35,1.51418931541649e-30,1.72545471833675e-08,1.35743426266833e-06,0.00644491827344081,NA,0.281076813937998,0.110601556178583,0.000199684291369172,4.1766962400712e-09,9.82741776820134e-10,4.87171168985184e-10,4.88745932278511e-10,2.45748735134655e-10,1.03218514412763e-11,1.41552885465399e-12,3.34474538593564e-15,1.86622092342058e-14,6.63448902484809e-16,2.63930273611966e-20,3.36336269535902e-26,5.55214801257865e-31
"Levenshtein",3.23998375429276e-75,3.73464869440165e-74,3.89104509969304e-76,9.76679241428729e-79,6.0461062255472e-72,4.661977694467e-74,6.17735903207923e-70,5.61127737408167e-67,1.24437630600261e-63,5.12206608848661e-58,1.63655383665945e-60,1.77182052071636e-53,1.0279676898747e-52,3.00810949791809e-52,1.1742017782311e-40,2.08706666689205e-33,2.98477368234221e-10,7.90374128134825e-10,0.000113069595062485,0.281076813937998,NA,0.168560117167932,0.024557943460038,5.30376381668734e-07,1.38552548552698e-07,1.1966220276143e-07,1.01069963629398e-07,1.29037313927911e-08,9.23320165229498e-09,6.00750826633762e-11,1.34551814950806e-11,1.45065699068636e-11,1.14819674133372e-13,1.36941682447693e-16,1.32166162536659e-22,8.14731397121207e-28
"Levenshtein+AP",6.77947051010605e-77,1.59133683089258e-75,7.84576344024709e-78,4.31904147457018e-80,1.24708793740933e-73,2.038310907919e-75,1.23046849995209e-71,2.70338066607472e-69,8.67170580463788e-67,1.73141539686567e-60,6.79829809424054e-62,7.32223298921939e-55,1.17735061465742e-54,3.04964535893531e-54,2.80034316016452e-42,9.43844096531434e-35,2.45153292025972e-11,4.12020148404552e-11,2.01611309412706e-05,0.110601556178583,0.168560117167932,NA,0.110616077008859,2.43651529882369e-05,8.00681313798039e-06,2.14966337954677e-06,1.63429870448233e-06,2.53285023927315e-07,2.02265212388732e-07,2.45680383302482e-09,6.76726076139711e-10,4.17302139004538e-10,9.52145419550103e-12,8.34472321772517e-15,1.24104127835073e-20,1.27890760297022e-25
"Llama3.3_70B+Euclidean distance",5.72620024648104e-82,3.16291634641226e-81,6.34208901328767e-83,1.79421787427567e-84,5.11750785091579e-79,7.25083641685748e-81,4.1797052430794e-75,8.32723282066702e-73,6.29657982276832e-71,6.42295500577918e-65,5.72118146883683e-67,6.48854395367117e-62,2.84999968572614e-60,4.25047060194469e-58,2.98104007030565e-49,6.10267364336974e-45,7.05636986947134e-18,3.86727568331563e-16,1.26359715398308e-09,0.000199684291369172,0.024557943460038,0.110616077008859,NA,0.0157531316670882,0.00961882083153346,0.000490567754276547,0.000512356764813208,0.00016392911218531,5.14617950577919e-05,1.11124101124102e-05,1.5340541702442e-06,4.38708236521711e-07,4.17381233231837e-08,7.85052985638221e-11,1.77445066236972e-17,5.4175155443424e-21
"Jaro Winkler",2.37685539923534e-91,5.52387973681089e-92,2.36705996497443e-91,2.15012461396963e-96,2.16886707552921e-88,1.06770756045748e-92,1.80601547036574e-86,4.091707662108e-85,9.6951413005767e-82,9.83242235504674e-76,2.90398427241273e-76,7.77124828984721e-73,1.86632213052303e-68,4.77455052739689e-69,3.97792643643028e-59,5.27154906390593e-54,1.75028086602929e-24,6.12446977246821e-23,7.54818418098675e-16,4.1766962400712e-09,5.30376381668734e-07,2.43651529882369e-05,0.0157531316670882,NA,0.623387693286386,0.264029997942681,0.240184037348914,0.110013287068841,0.0713893661360214,0.0204213651706431,0.0064164461885422,0.00438854701975547,0.000768885760038606,4.2891932917574e-05,1.24501194269302e-09,2.55325774718861e-14
"Jaro Winkler+AP",1.24084549734936e-91,1.30406953981405e-92,2.78272293610416e-91,2.01697385470501e-97,1.11568270155469e-88,1.00556261310365e-93,1.83742206030492e-87,9.26199769952659e-86,2.26914869762837e-82,1.09016366638117e-76,1.46184628310585e-76,7.99263217733581e-74,4.37675526899855e-69,5.39118631931763e-69,2.11564887895729e-60,4.7441619955782e-54,3.07019036752555e-25,1.71347657120677e-23,4.11257626069975e-16,9.82741776820134e-10,1.38552548552698e-07,8.00681313798039e-06,0.00961882083153346,0.623387693286386,NA,0.368941262847753,0.335583342821599,0.166880935675596,0.11179448852666,0.0354917034505512,0.0118694998983093,0.00926349235156061,0.00154916168181314,0.0001304358249699,2.82804148892626e-09,1.14819674133372e-13
"Cosine",3.36158622992538e-97,4.46708236041779e-96,3.60428166354657e-96,1.09202988436187e-99,8.09210119964994e-93,1.92552461238374e-96,7.1147027304499e-90,1.2502007671981e-89,6.83418619954411e-87,1.93907840184129e-80,8.73367606366887e-82,6.15770782861562e-77,8.21937255633148e-73,3.46537354502889e-73,1.67384865568872e-64,1.56889764746705e-60,1.70046708755419e-24,5.45468098190655e-29,2.34171190549872e-21,4.87171168985184e-10,1.1966220276143e-07,2.14966337954677e-06,0.000490567754276547,0.264029997942681,0.368941262847753,NA,1,0.562698313834107,0.464059440030111,0.220223644322909,0.0970718044978353,0.0893150279834954,0.0266466267333219,0.00277425193325646,1.63883558318301e-07,6.25536768808236e-11
"Cosine+AP",2.59047696382035e-96,2.85634702477416e-96,2.65503915136097e-95,6.91284145285012e-100,5.55952295166895e-92,2.83183649059256e-96,8.29566627910072e-91,1.76973620797567e-89,9.4821013037721e-87,2.55775664171845e-80,1.2191075141243e-81,8.48333891549543e-77,1.06280238521408e-72,4.84299144138787e-73,1.02428683534966e-64,3.97792643643028e-59,2.2138678783971e-24,9.19919323349313e-29,7.86598213134773e-21,4.88745932278511e-10,1.01069963629398e-07,1.63429870448233e-06,0.000512356764813208,0.240184037348914,0.335583342821599,1,NA,0.608843566169938,0.50045448428562,0.247294869145092,0.11179448852666,0.10744421812084,0.0304391132279798,0.00361157065745841,2.23477639748385e-07,1.41805230486515e-10
"DeepSeek_8B+Euclidean distance",1.83049541698026e-97,2.02700535121585e-97,3.18902503671667e-98,7.83341336938609e-100,1.1529304796487e-95,6.36998940561529e-96,1.40595162809057e-90,1.74545609197929e-92,1.76050560722318e-90,3.30366369594427e-82,1.90464762617549e-81,1.09530312399987e-74,2.58182668097336e-73,6.90744835796194e-71,5.31956542805976e-64,8.5418896296222e-56,2.36831528767883e-28,8.42315267974434e-28,1.40946240845877e-19,2.45748735134655e-10,1.29037313927911e-08,2.53285023927315e-07,0.00016392911218531,0.110013287068841,0.166880935675596,0.562698313834107,0.608843566169938,NA,0.950277825227881,0.423531818534838,0.278056205090402,0.1783048140753,0.0826810141215851,0.0346766476755104,3.18505092889955e-07,8.49433207796349e-12
"PubMedBERT+Euclidean distance",7.4460515113911e-96,2.49566855308189e-100,1.28231674924329e-98,2.1288197506772e-101,1.37549074789692e-93,2.01697385470501e-97,4.77801388829455e-92,2.78606372305049e-93,3.56978449742407e-90,2.68307002311563e-83,2.91574104097105e-83,1.91817326723966e-78,1.09016366638117e-76,5.82447508773996e-72,4.63328948234062e-65,2.6419706112107e-59,6.94161931766572e-30,3.44540808426404e-26,8.8263550240849e-21,1.03218514412763e-11,9.23320165229498e-09,2.02265212388732e-07,5.14617950577919e-05,0.0713893661360214,0.11179448852666,0.464059440030111,0.50045448428562,0.950277825227881,NA,0.636790401067988,0.341057030945488,0.329540636882015,0.113731450889064,0.0366956337868936,1.88889164941916e-06,2.50356774672344e-09
"LLama3.2_3B+Euclidean distance",1.78225133719383e-98,1.86567959903403e-99,1.52107002065657e-99,2.85205083828359e-102,5.65482310075928e-96,5.81541575907036e-98,2.48651379118394e-92,3.14759157366902e-94,7.2604232236883e-92,1.16086541026586e-84,7.0203060459878e-83,4.26804102613574e-78,1.05198085014914e-76,2.50974808298672e-73,8.40698775407715e-66,1.09059196857345e-58,1.19096159304134e-30,3.70324393949753e-29,6.28021518870203e-22,1.41552885465399e-12,6.00750826633762e-11,2.45680383302482e-09,1.11124101124102e-05,0.0204213651706431,0.0354917034505512,0.220223644322909,0.247294869145092,0.423531818534838,0.636790401067988,NA,0.716671284515162,0.553988345718954,0.307135591887388,0.149824319245889,7.21122574979604e-06,4.78002027134212e-09
"BioBERT+Euclidean distance",2.20498348401563e-100,1.45276852836561e-103,1.36438000575124e-102,1.21675413966925e-104,1.59555143817139e-97,1.21897569643901e-100,4.46708236041779e-96,3.11932677571029e-96,4.03525921888769e-93,5.72557287897736e-87,2.44216288547745e-87,4.47113262638447e-81,4.51211460517708e-81,1.37789687671097e-75,4.88977479928631e-69,3.03240400652501e-62,4.64305910888706e-33,3.13987617938164e-31,1.67041526570759e-24,3.34474538593564e-15,1.34551814950806e-11,6.76726076139711e-10,1.5340541702442e-06,0.0064164461885422,0.0118694998983093,0.0970718044978353,0.11179448852666,0.278056205090402,0.341057030945488,0.716671284515162,NA,0.948788456378946,0.565082715208895,0.259206768474095,0.000217876441256494,3.83045381001444e-07
"LLama3.0+Euclidean distance",1.98122397883866e-100,3.69401808479117e-102,1.56092589287443e-101,1.53204937746493e-103,1.3838795385896e-97,1.36169530196176e-99,1.02742951025261e-94,2.85634702477416e-96,1.52135210276651e-93,4.98185484096777e-86,3.05551780241857e-84,1.78572530948099e-80,2.07119168581996e-79,1.1237319063584e-75,6.063460694704e-66,2.36513487588081e-60,8.04662167777764e-33,1.69066207986422e-30,3.14149984655196e-23,1.86622092342058e-14,1.45065699068636e-11,4.17302139004538e-10,4.38708236521711e-07,0.00438854701975547,0.00926349235156061,0.0893150279834954,0.10744421812084,0.1783048140753,0.329540636882015,0.553988345718954,0.948788456378946,NA,0.675851873839489,0.3590607367974,0.000211182818756283,2.13413145897011e-07
"sciBERT+Euclidean distance",2.75748578780637e-103,1.45276852836561e-103,1.15695545594672e-103,9.61836975707966e-106,2.11380949971661e-100,2.1288197506772e-101,7.45025472726478e-97,1.90892670706878e-98,2.1428348130565e-95,3.04844961746087e-89,2.88908629243541e-89,5.9876321432613e-82,1.92409032666475e-84,3.76104600439912e-77,5.99987070436898e-70,5.17138876327943e-66,7.46997922386259e-35,5.16470482517824e-37,4.89750076579505e-26,6.63448902484809e-16,1.14819674133372e-13,9.52145419550103e-12,4.17381233231837e-08,0.000768885760038606,0.00154916168181314,0.0266466267333219,0.0304391132279798,0.0826810141215851,0.113731450889064,0.307135591887388,0.565082715208895,0.675851873839489,NA,0.624620880565984,0.00403411739146771,3.23704862481817e-06
"ModernBERT+Euclidean distance",6.66521578270626e-105,6.18843344101685e-106,7.9191237835496e-107,2.27315819333787e-107,1.08050992510957e-101,4.83160896292829e-103,3.46265996426275e-99,5.51482887023604e-99,2.07096456705865e-97,3.11669083498773e-90,5.84191845903085e-91,1.59435642582148e-89,2.86985649113347e-83,1.41356588662212e-80,9.52174497857661e-75,4.53416161002192e-67,6.31234934971916e-40,3.64480057669799e-35,3.83226840153683e-29,2.63930273611966e-20,1.36941682447693e-16,8.34472321772517e-15,7.85052985638221e-11,4.2891932917574e-05,0.0001304358249699,0.00277425193325646,0.00361157065745841,0.0346766476755104,0.0366956337868936,0.149824319245889,0.259206768474095,0.3590607367974,0.624620880565984,NA,0.0229514854814605,0.000392870930337299
"Phi-4+Euclidean distance",3.4347264249196e-114,2.83843549814633e-115,2.89496973438991e-114,1.38049215667683e-115,1.0745414597994e-111,5.68478617778762e-112,7.9191237835496e-107,3.48523190140231e-108,8.63935461087048e-106,2.75306903241865e-98,4.23322174280211e-99,3.71752035131074e-95,3.1950736859352e-92,3.25095610671219e-89,1.12688876038993e-82,7.84979211601463e-75,1.71678647089103e-45,1.04256541412524e-43,1.7889391886157e-37,3.36336269535902e-26,1.32166162536659e-22,1.24104127835073e-20,1.77445066236972e-17,1.24501194269302e-09,2.82804148892626e-09,1.63883558318301e-07,2.23477639748385e-07,3.18505092889955e-07,1.88889164941916e-06,7.21122574979604e-06,0.000217876441256494,0.000211182818756283,0.00403411739146771,0.0229514854814605,NA,0.157447935883595
"MedLlama2+Euclidean distance",1.43847774227533e-118,3.69214004639365e-119,1.31682323856609e-117,3.69214004639365e-119,3.71888401586463e-116,8.91107089862751e-116,6.46415982632514e-112,5.90020654290771e-113,1.51117041768722e-110,1.21675413966925e-104,5.69528455530758e-103,2.75306903241865e-98,9.58006682764421e-99,1.08666388822073e-94,1.06890604871281e-86,1.66782532149153e-80,2.21374481185695e-51,3.59894144113563e-51,3.1241298838498e-43,5.55214801257865e-31,8.14731397121207e-28,1.27890760297022e-25,5.4175155443424e-21,2.55325774718861e-14,1.14819674133372e-13,6.25536768808236e-11,1.41805230486515e-10,8.49433207796349e-12,2.50356774672344e-09,4.78002027134212e-09,3.83045381001444e-07,2.13413145897011e-07,3.23704862481817e-06,0.000392870930337299,0.157447935883595,NA
