"","nct_id","Tumor_Names","cluster","neighbor","sil_width","mean_silo_score","cluster_member_count"
"1","NCT04258813;NCT05179824;NCT01627808;NCT02016391;NCT02044224;NCT04172714;NCT03347162;NCT03452774;NCT01657383;NCT02825550;NCT03133286;NCT03323996;NCT03299036;NCT03607643;NCT02145559;NCT05109052;NCT05041335;NCT00730860;NCT05030090;NCT03896958;NCT03766776;NCT00216437;NCT05907772;NCT04348838;NCT00669136;NCT05643833","cancer of liver",250,5921,0.513137381781448,0.407749499473977,3
"2","NCT00422877;NCT01099631;NCT03753789;NCT00669136;NCT02618447;NCT04107766","cancer of the liver",250,5921,0.511223870674424,0.407749499473977,3
"3","NCT05369988;NCT05806333;NCT04150874;NCT00002655;NCT00003147;NCT03949231;NCT04739501;NCT05443217;NCT05992220;NCT05510427;NCT00410956;NCT05850130;NCT05767697;NCT00361309;NCT00363584;NCT02989870;NCT00543777;NCT04707547;NCT05184283;NCT02753881;NCT05339581;NCT03026803;NCT05829057;NCT04597710;NCT00376987;NCT00003044;NCT00002485;NCT00002515;NCT00003296;NCT00004136;NCT00003926;NCT00004604;NCT00423254;NCT00003427;NCT00005629;NCT04731558;NCT01030757;NCT04874519;NCT03058289;NCT00003557;NCT00003923;NCT01438476;NCT01402908;NCT03744624;NCT00532740;NCT00530010;NCT01862718;NCT00242502;NCT04371042;NCT00666978;NCT05394246;NCT05718882;NCT05443230;NCT05444478;NCT00903396;NCT00003714;NCT00003912;NCT00004248;NCT01171924;NCT04825470;NCT01387555;NCT01388101;NCT01401894;NCT01434524;NCT05964361;NCT04145141;NCT01497444;NCT01539993;NCT01545804;NCT01556282;NCT03756597;NCT01618253;NCT05183776;NCT04618692;NCT01749332;NCT01813942;NCT01864070;NCT01882946;NCT01906021;NCT01932385;NCT01935453;NCT05876052;NCT02029157;NCT00005997;NCT00006006;NCT00006198;NCT00005938;NCT00006010;NCT00007813;NCT05638048;NCT00109954;NCT00128596;NCT00019474;NCT00019513;NCT00019786;NCT00012324;NCT00030082;NCT00030511;NCT00041275;NCT00054262;NCT00076609;NCT00077389;NCT00079027;NCT00081094;NCT02834780;NCT00009893;NCT00276705;NCT00027534;NCT00027768;NCT00030108;NCT00039078;NCT00019331;NCT00020150;NCT00020774;NCT00021047;NCT00022334;NCT00059865;NCT00036959;NCT00866957;NCT00040898;NCT00073905;NCT00058487;NCT00047229;NCT00230347;NCT05146297;NCT05989789;NCT05913141;NCT00077142;NCT00244348;NCT00282100;NCT00087282;NCT00303940;NCT00304135;NCT06003218;NCT05996666;NCT05600933;NCT03383458;NCT00539643;NCT02333773;NCT04272619;NCT05123209;NCT05430841;NCT02869217;NCT04868149;NCT04134559;NCT05694949;NCT03445585;NCT02575339;NCT05517811;NCT05411133;NCT05360420;NCT02202317;NCT05886075;NCT04769713;NCT04502082;NCT02013830;NCT04907643;NCT01877187;NCT01853618;NCT03585166;NCT04430842;NCT02960620;NCT01164202;NCT02649868;NCT03026452;NCT05128032;NCT02465892;NCT03223818;NCT05719480;NCT02461966;NCT01581307;NCT03164382;NCT00614913;NCT05032014;NCT03595345;NCT03844399;NCT04341012;NCT03998033;NCT03405909;NCT05475054;NCT03063840;NCT03408665;NCT03059238;NCT05872828;NCT05833360;NCT05724563;NCT04409340;NCT04028479;NCT03396705;NCT00534001;NCT03592706;NCT05633342;NCT03662204;NCT02291133;NCT04682847;NCT03256994;NCT00582647;NCT05497453;NCT05744219;NCT01075399;NCT05492136;NCT01151761;NCT05622136;NCT00002608;NCT02654028;NCT00003424;NCT00004108;NCT01264705;NCT01099631;NCT01401907;NCT03143270;NCT01596283;NCT05942560;NCT00788125;NCT01522937;NCT03213314;NCT00019604;NCT02471313;NCT05732181;NCT00373737;NCT05738447;NCT01341210;NCT01353300;NCT05709886;NCT05160740;NCT01313377;NCT01061840;NCT05339919;NCT03668418;NCT00373347;NCT03981497;NCT00836992;NCT00900094;NCT00451022;NCT02038296;NCT05095714;NCT00057980;NCT04413526;NCT04053231;NCT02966223;NCT02202564;NCT02264886;NCT02261844;NCT02069145;NCT01494324;NCT05717400;NCT02321202;NCT03111732;NCT02169765;NCT04476082;NCT03131778;NCT04105062;NCT03199586;NCT03168230;NCT02324127;NCT02966509;NCT01075113;NCT03515252;NCT03153332;NCT02329106;NCT00906984;NCT05039736;NCT02102971;NCT02133079;NCT04715191;NCT04445532;NCT04377932;NCT01082224;NCT02932956;NCT03804593;NCT04842812;NCT03183219;NCT05951231;NCT00095992;NCT03166683;NCT02853500;NCT00825955;NCT05743842;NCT04476641;NCT02012699;NCT02349412;NCT05153785;NCT05369650;NCT02292173;NCT03516695;NCT02321579;NCT01356628;NCT05343832;NCT05200195;NCT05322187;NCT03349255;NCT05727787;NCT03317483;NCT02447263;NCT02523443;NCT02461979;NCT04075305;NCT00717756;NCT04106453;NCT00716976;NCT05192460;NCT00739167;NCT04931420;NCT03228095;NCT05540925;NCT04545957;NCT03184493;NCT03739164;NCT02333279;NCT02425735;NCT02449109;NCT00774501;NCT00732836;NCT02541370;NCT00899002;NCT00605722;NCT04014478;NCT02563158;NCT00858429;NCT05953337;NCT05462314;NCT00777894;NCT00782886;NCT00941967;NCT00767936;NCT00870558;NCT04926376;NCT01075555;NCT01011010;NCT02545556;NCT00873002;NCT00950144;NCT00949182;NCT01079767;NCT00374660;NCT03552718;NCT00483405;NCT00524316;NCT05816837;NCT02687113;NCT01658917;NCT04348643;NCT00888407;NCT00658593;NCT05184790;NCT02431676;NCT03226925;NCT05281211;NCT03958019;NCT00728078;NCT03753789;NCT00902343;NCT00987766;NCT00767468;NCT00994370;NCT01033695;NCT01042041;NCT03891654;NCT00335829;NCT01324076;NCT00293397;NCT00387348;NCT00365508;NCT01071434;NCT03946852;NCT01213030;NCT01237990;NCT01076517;NCT01286428;NCT03965546;NCT05781581;NCT01185639;NCT05931445;NCT05926336;NCT00574977;NCT04933435;NCT00003907;NCT00049322;NCT03723304;NCT03338062;NCT01238666;NCT01182272;NCT01292330;NCT00956930;NCT00024258;NCT05616039;NCT01283802;NCT05598268;NCT03602079;NCT00132041;NCT02185768;NCT00250822;NCT02239900;NCT04195438;NCT00430313;NCT01230697;NCT01180959;NCT05471674;NCT02232490;NCT01238653;NCT03475966;NCT03888859;NCT03843229;NCT02984566;NCT05532319;NCT03620916;NCT03766633;NCT05187338;NCT01178801;NCT03644173;NCT03813953;NCT03784469;NCT02599909;NCT00554905;NCT00555334;NCT04657042;NCT00579865;NCT00581815;NCT00589030;NCT00243633;NCT00247260;NCT04589884;NCT04825834;NCT00287976;NCT02271646;NCT00257426;NCT01334710;NCT00293436;NCT00310115;NCT04705194;NCT00436410;NCT00482586;NCT00623077;NCT00486356;NCT04511793;NCT00507585;NCT04288323;NCT00527891;NCT02722616;NCT00557024;NCT04653701;NCT00553683;NCT00556803;NCT00542048;NCT02893982;NCT00568308;NCT04576572;NCT04466124;NCT04309747;NCT00957424;NCT01219985;NCT00607828;NCT05342350;NCT04206254;NCT04186234;NCT00654160;NCT00624962;NCT00669136;NCT04257240;NCT04843176;NCT05638269;NCT00867321;NCT02649153;NCT04215861;NCT00976898;NCT05064553;NCT00034216;NCT01005875;NCT00576199;NCT05363605;NCT00768001;NCT00881751;NCT05471401;NCT02841800;NCT02811666;NCT05176860;NCT00892255;NCT00896467;NCT00790569;NCT02821754;NCT01033240;NCT02721056;NCT00910572;NCT02632188;NCT00980239;NCT02772575;NCT04634357;NCT04221347;NCT01005199;NCT02568748;NCT01009801;NCT00495625;NCT04172753;NCT02646137;NCT04107324;NCT04269499;NCT05723705;NCT05199259;NCT02424955;NCT00605800;NCT02662348;NCT00652132;NCT05804799;NCT02829359;NCT00728650;NCT00875615;NCT02618447;NCT04107766;NCT00093444;NCT00426829;NCT00093548;NCT00482365;NCT00740753;NCT00467194;NCT00469963;NCT00471484;NCT00511264;NCT00514228;NCT00514930;NCT05860374;NCT00151671;NCT02489422;NCT04690972;NCT02941861;NCT02716012;NCT00152087;NCT00537121;NCT00183885;NCT00191412;NCT00185874;NCT01210027","liver cancer",250,5921,0.198887245966059,0.407749499473977,3
"4","NCT00005576;NCT01484015;NCT01558778;NCT00028522;NCT00053950;NCT00060372;NCT00795769;NCT01159067;NCT01358617;NCT02173093;NCT00799461;NCT00309907;NCT00898391;NCT00408681;NCT00436852;NCT01305200;NCT00093821","disseminated neuroblastoma",1784,4427,0.0553260290578237,0.102891004198641,9
"5","NCT02043899","metastatic neuroblastoma",1784,3009,0.162600677995888,0.102891004198641,9
"6","NCT01590680;NCT00001335;NCT01019850;NCT00885326;NCT00084422;NCT00005835;NCT03561259;NCT00003093;NCT00003141;NCT05642455;NCT02076906;NCT00003273;NCT00003513;NCT00365755;NCT01192555;NCT02786719;NCT03291080;NCT02177773;NCT01183897;NCT01183429;NCT00801931;NCT00002485;NCT00002515;NCT00003122;NCT00003926;NCT00002803;NCT00003661;NCT01987596;NCT00001565;NCT00002543;NCT00003023;NCT00003107;NCT00003119;NCT00003425;NCT00002825;NCT00003461;NCT00003191;NCT00003203;NCT00004157;NCT00003737;NCT00003743;NCT00003887;NCT00082758;NCT03382158;NCT02100930;NCT02641782;NCT04308330;NCT04706910;NCT05069220;NCT01183416;NCT00002634;NCT00002730;NCT00002748;NCT00002802;NCT00003234;NCT00003408;NCT00003750;NCT00003846;NCT00004110;NCT00004188;NCT01386619;NCT01387724;NCT00492167;NCT01404702;NCT01407731;NCT01445379;NCT01462396;NCT01482741;NCT01493830;NCT01510600;NCT01518413;NCT01520233;NCT01525251;NCT01553448;NCT04239040;NCT01576692;NCT01598454;NCT03294954;NCT01625351;NCT01638572;NCT01662804;NCT03373097;NCT02075177;NCT01701479;NCT01704716;NCT01704872;NCT01802138;NCT01853345;NCT01916187;NCT01943097;NCT01986595;NCT00005952;NCT00005955;NCT00006102;NCT00006480;NCT00007813;NCT00005978;NCT00001509;NCT00017368;NCT01807468;NCT00389766;NCT00276679;NCT00109993;NCT00112645;NCT00020527;NCT00024193;NCT00025597;NCT00013806;NCT00036712;NCT00392340;NCT00082654;NCT00010283;NCT00017225;NCT00025428;NCT00025623;NCT00030108;NCT00037011;NCT00276731;NCT01526603;NCT00020150;NCT00040872;NCT00040911;NCT00049023;NCT00053118;NCT00025610;NCT00025649;NCT00026780;NCT00030719;NCT00036959;NCT00064311;NCT00070200;NCT00126412;NCT00048386;NCT00165139;NCT00186862;NCT00062855;NCT05990751;NCT04337177;NCT01109394;NCT01005654;NCT03860207;NCT00066599;NCT00072488;NCT00281905;NCT00287950;NCT00080873;NCT00303940;NCT00083135;NCT06000787;NCT03332667;NCT01838187;NCT01587300;NCT05302921;NCT04909515;NCT04903899;NCT01601535;NCT01619865;NCT01747876;NCT01505608;NCT01962103;NCT04724369;NCT04936529;NCT03686566;NCT05429502;NCT02780128;NCT00202930;NCT03966651;NCT01460901;NCT00602446;NCT01857934;NCT01869725;NCT05826158;NCT02630043;NCT03583528;NCT00898755;NCT01592045;NCT02441062;NCT00703222;NCT03273712;NCT04106219;NCT02998983;NCT01483820;NCT02176967;NCT03209869;NCT02311621;NCT02013336;NCT05245123;NCT02307630;NCT04851119;NCT02508038;NCT02308527;NCT01370330;NCT04239092;NCT03721068;NCT00253435;NCT00445965;NCT02100891;NCT00085930;NCT00947167;NCT02245997;NCT01114555;NCT03013387;NCT00002458;NCT00002560;NCT00002740;NCT00003022;NCT00003484;NCT04253015;NCT01492673;NCT03709680;NCT00788125;NCT01313936;NCT01822652;NCT02431715;NCT01353300;NCT01358604;NCT02444884;NCT01373736;NCT01319838;NCT03275402;NCT02298348;NCT02030964;NCT05421897;NCT01331135;NCT03015844;NCT00089245;NCT03236857;NCT01713439;NCT04559217;NCT00072358;NCT02162732;NCT05782959;NCT02457650;NCT03517280;NCT00405327;NCT02439788;NCT05890781;NCT03618381;NCT00601003;NCT04385277;NCT03126916;NCT02163356;NCT02679144;NCT02559778;NCT02395666;NCT02159443;NCT02130869;NCT05544968;NCT01419834;NCT02164097;NCT01953900;NCT02337309;NCT05755295;NCT04029688;NCT02536183;NCT00716976;NCT04864821;NCT03042429;NCT04023331;NCT05027386;NCT02693171;NCT04837547;NCT02390843;NCT02982941;NCT00790413;NCT00582608;NCT00793845;NCT00900406;NCT00743496;NCT03581240;NCT02557854;NCT00754286;NCT00539500;NCT04753658;NCT02650648;NCT01355679;NCT00659984;NCT00877110;NCT00907920;NCT04017104;NCT00900068;NCT00698009;NCT05918432;NCT01757626;NCT00911560;NCT02169609;NCT04730349;NCT00931931;NCT02112617;NCT02035137;NCT02909777;NCT00939965;NCT00499616;NCT00946283;NCT00918320;NCT00311584;NCT00782145;NCT00578864;NCT00813501;NCT00992173;NCT00944580;NCT01589341;NCT01048086;NCT01075360;NCT01048892;NCT00357500;NCT01058798;NCT00293384;NCT01583842;NCT01222780;NCT01169584;NCT01204450;NCT01077440;NCT04040088;NCT03033303;NCT00840047;NCT00098865;NCT01095926;NCT05781919;NCT01119560;NCT03503864;NCT02924324;NCT01295762;NCT00024258;NCT05192980;NCT05135975;NCT04301843;NCT01163383;NCT01156350;NCT01169376;NCT02868268;NCT02573896;NCT01132911;NCT00996710;NCT04897321;NCT02107963;NCT01121419;NCT05770037;NCT03541720;NCT03042416;NCT01130623;NCT03545542;NCT05179850;NCT01174537;NCT01288573;NCT02864563;NCT04474678;NCT05303727;NCT01308905;NCT00410631;NCT04637503;NCT00186849;NCT00187109;NCT00206388;NCT00410657;NCT00416559;NCT00416676;NCT00293319;NCT00417053;NCT00324324;NCT00295919;NCT00336531;NCT01059071;NCT00503724;NCT01241162;NCT00486564;NCT02933333;NCT00533169;NCT02605421;NCT00450827;NCT00590096;NCT00608452;NCT00960063;NCT00624962;NCT01125800;NCT00867568;NCT00646230;NCT03363373;NCT04947501;NCT02914405;NCT03107988;NCT00793351;NCT05400603;NCT03496402;NCT01875601;NCT01802567;NCT00874315;NCT02745756;NCT00923351;NCT02558244;NCT00644696;NCT00960739;NCT00670410;NCT00651716;NCT00730444;NCT00726934;NCT02615106;NCT02624388;NCT03478462;NCT00798148;NCT00588068;NCT00101309;NCT05701306;NCT04483778;NCT01868269;NCT00923650;NCT00107289;NCT02765243;NCT00808899;NCT00084695;NCT00089258;NCT00428272;NCT00093353;NCT00135135;NCT00436657;NCT00349024;NCT00450307;NCT00118326;NCT00132158;NCT00471679;NCT00509353;NCT00526318;NCT00407433;NCT00152126;NCT00695279;NCT01183884;NCT02743429;NCT03050268","neuroblastoma",1784,3009,0.0274511343968247,0.102891004198641,9
"7","NCT00520936","neuroblastoma (measurable disease)",1784,4808,0.136015064841038,0.102891004198641,9
"8","NCT00520936","neuroblastoma (metaiodobenzylguanidine",1784,3009,0.121825553571387,0.102891004198641,9
"9","NCT03189706","neuroblastoma (nb)",1784,3009,0.113621676499752,0.102891004198641,9
"10","NCT05338541","neuroblastoma in children",1784,3009,0.0638392088853037,0.102891004198641,9
"11","NCT05296564","neuroblastoma, metastatic",1784,3250,0.1842239693501,0.102891004198641,9
"12","NCT00180947","neuroblastomas",1784,3009,0.0611157231896516,0.102891004198641,9
"13","NCT04615572;NCT01571726;NCT01718899;NCT01955395;NCT05469893;NCT03236428;NCT02916771;NCT02269592;NCT01169337;NCT03717844;NCT01838369;NCT05831358;NCT03839459;NCT04144387;NCT05597345;NCT05361694;NCT00112827;NCT01441973;NCT05767359;NCT01177527;NCT02415413;NCT00099047;NCT02903381;NCT01222286;NCT03289299;NCT04850846;NCT02886065;NCT04920084;NCT00114101;NCT05841550;NCT01302886;NCT03815279;NCT04727294;NCT02279394;NCT00503763;NCT01248455;NCT01237054;NCT03850522;NCT05283993;NCT03301220;NCT00899353","smoldering multiple myeloma",1844,1538,0.31100765707509,0.263709525794353,5
"14","NCT02240537;NCT04731844;NCT05955508","smoldering multiple myeloma (smm)",1844,4599,0.106453912461165,0.263709525794353,5
"15","NCT03591614;NCT00919139;NCT01079429;NCT01109407;NCT02279394","smoldering myeloma",1844,1538,0.425596385160752,0.263709525794353,5
"16","NCT02353572;NCT02492750;NCT05288062;NCT05312255;NCT05136807;NCT04776395;NCT03937635;NCT03631043;NCT02960555;NCT03952832;NCT02603887;NCT02726750;NCT05014646;NCT04370483","smoldering plasma cell myeloma",1844,3929,0.09724230210463,0.263709525794353,5
"17","NCT03673826;NCT05047107;NCT03951220","smouldering myeloma",1844,1538,0.378247372170129,0.263709525794353,5
"18","NCT01841047;NCT05094804;NCT01426633;NCT04031677;NCT03959033;NCT02048371;NCT04557449;NCT02249949;NCT03899805;NCT05103631;NCT02247544;NCT02983539;NCT00356031;NCT01506596;NCT04028479;NCT02343172;NCT03526679;NCT03651375;NCT05116683;NCT02978859;NCT05827614;NCT03303885;NCT04715191;NCT04377932;NCT02180867;NCT02609984;NCT03425279;NCT02275286;NCT04906876;NCT05116800;NCT04785196;NCT00400569;NCT04224064;NCT00060944;NCT03773510;NCT02584309;NCT05905341;NCT03880123;NCT01209598;NCT02571829;NCT03361436;NCT00093080;NCT00132704","liposarcoma",2876,3409,0.0255884616309516,0.0429721541303077,5
"19","NCT03096912","liposarcoma; mixed type",2876,1957,-0.0118679864338675,0.0429721541303077,5
"20",NA,"liposarcomas",2876,3409,0.0741755587756534,0.0429721541303077,5
"21",NA,"mixed liposarcoma",2876,3833,0.0883204503972468,0.0429721541303077,5
"22","NCT02500797;NCT02983539;NCT03651375;NCT02275286","pleomorphic liposarcoma",2876,3833,0.0386442862815543,0.0429721541303077,5
"23","NCT03444025;NCT03045393;NCT05128734;NCT05877859","breast cancer triple negative",4487,1856,0.128988119438444,0.161867925707107,8
"24","NCT03096054","g. breast cancer (triple negative type)",4487,565,0.122199015798642,0.161867925707107,8
"25","NCT03599453","triple -negative breast cancer",4487,536,0.199522784172232,0.161867925707107,8
"26","NCT05806385;NCT04595565;NCT05451849;NCT05082610;NCT04254107;NCT05846789;NCT05504707;NCT05086692;NCT04427293;NCT03920488;NCT02259114;NCT03251378;NCT05722795;NCT05404321;NCT04234113;NCT03197389;NCT04580485;NCT04348916;NCT05632848;NCT05347134;NCT02983045;NCT05821686;NCT04461600;NCT05435352;NCT03915678;NCT03733119;NCT02427581;NCT05954442;NCT05902988;NCT04925284;NCT03170960;NCT01520389;NCT04690855;NCT04464174;NCT04408118;NCT05645380;NCT02938442;NCT01639248;NCT03907800;NCT05288127;NCT05296564;NCT05309655;NCT05872412;NCT05302778;NCT01969032;NCT02003092;NCT05528133;NCT05115474;NCT05020860;NCT04230109;NCT03576131;NCT05057013;NCT02012634;NCT05680662;NCT05233696;NCT03206203;NCT05078047;NCT05382299;NCT05769491;NCT05001347;NCT01918306;NCT03094169;NCT05989828;NCT05382286;NCT04468061;NCT05916755;NCT05910710;NCT05714553;NCT04434040;NCT03891953;NCT05809752;NCT05001282;NCT04849364;NCT04115306;NCT03829501;NCT03289962;NCT02936102;NCT01982448;NCT01837602;NCT01351103;NCT05068141;NCT03654547;NCT03945721;NCT04809779;NCT05546255;NCT05550415;NCT02644369;NCT04510129;NCT04577963;NCT02404441;NCT05253053;NCT02368691;NCT04030507;NCT04613674;NCT04060342;NCT01745367;NCT04677816;NCT03945604;NCT04142554;NCT03797326;NCT03674242;NCT05390476;NCT04025216;NCT04142931;NCT04403529;NCT04178460;NCT01451632;NCT03301350;NCT01770353;NCT03729596;NCT04443348;NCT02375958;NCT02365662;NCT04320030;NCT04758780;NCT04145947;NCT01276899;NCT05134194;NCT04405505;NCT03720431;NCT01677455;NCT03454451;NCT05565417;NCT03616886;NCT01618136;NCT01676753;NCT05266937;NCT01931163;NCT04771871;NCT04442126;NCT01276769;NCT03168880;NCT04268693;NCT04282044;NCT02247037;NCT04494958;NCT05579366;NCT03498716;NCT01631552;NCT04068623;NCT04296942;NCT03267316;NCT04332653;NCT03394027;NCT03175666;NCT02348320;NCT03057600;NCT03667716;NCT04123704;NCT05358639;NCT02807844;NCT03164993;NCT03634150;NCT05627960;NCT04437160;NCT00813956;NCT03644589;NCT03358004;NCT03348098;NCT03567720;NCT05112536;NCT04602117;NCT03775850;NCT02734290;NCT03292172;NCT05498896;NCT03244358;NCT05498597;NCT05453825;NCT05692661;NCT02950259;NCT04916002;NCT02984683;NCT03617341;NCT05891197;NCT03609671;NCT04877821;NCT03997968;NCT03333915;NCT05868226;NCT04802876;NCT03539965;NCT05485766;NCT04360941;NCT04438681;NCT05144698;NCT04095689;NCT04464967;NCT03752723;NCT04638751;NCT05082259;NCT05111067;NCT03243331;NCT02425891;NCT04083963;NCT04947189;NCT04913571;NCT03343613;NCT05552001;NCT03145961;NCT03186937;NCT03076372;NCT04067102;NCT02632448;NCT03387085;NCT02657889;NCT03620643;NCT05475678;NCT05113966;NCT04664972;NCT05955521;NCT05955105;NCT00951054;NCT05300958;NCT04907344;NCT05134779;NCT04807192;NCT05340413;NCT05460273;NCT05403554;NCT05169853;NCT04861077;NCT03586297;NCT02543645;NCT03473691;NCT03849469;NCT02511847;NCT02580747;NCT03475953;NCT05103917;NCT03281954;NCT00998036;NCT03982173;NCT03876886;NCT03756298;NCT05447702;NCT02768701;NCT05252390;NCT04418154;NCT03917381;NCT02802423;NCT04331067;NCT04032080;NCT03983954;NCT03184558;NCT04768426;NCT05329532;NCT04722978;NCT04335006;NCT04134884;NCT03090165;NCT03356860;NCT03435640;NCT03750240;NCT05461690;NCT03487666;NCT03777579;NCT05730010;NCT05633654;NCT05274451;NCT02225470;NCT01216111;NCT03358017;NCT03872505;NCT03449108;NCT03671044;NCT03881605;NCT01111175;NCT05076760;NCT04452370;NCT05763992;NCT04725331;NCT03167619;NCT04502680;NCT05774886;NCT04180371;NCT03812393;NCT03799679;NCT03075462;NCT03318562;NCT04105582;NCT05099978;NCT03457779;NCT03981705;NCT04676997;NCT03504488;NCT02032277;NCT03901469;NCT03199040;NCT04260802;NCT04225858;NCT00707707;NCT04609215;NCT03251313;NCT01307891;NCT04107142;NCT02576665;NCT02685657;NCT04837209;NCT02580448;NCT05174832;NCT02750358;NCT03193853;NCT05520723;NCT04118062;NCT05181462;NCT02685306;NCT02681562;NCT05234606;NCT04368468;NCT02639832;NCT03362060;NCT02615457;NCT04683679;NCT04441099;NCT04159142;NCT02616848;NCT02641847;NCT05746897;NCT02595138;NCT04691375;NCT03808662;NCT03808337;NCT05909332;NCT05255666;NCT05809895;NCT03165487;NCT04291950;NCT04745975;NCT02977468;NCT04244552;NCT05491083;NCT05377996;NCT04726332;NCT04742959;NCT04297267;NCT03562637;NCT04301739;NCT03401385","triple negative breast cancer",4487,1856,0.270740555446257,0.161867925707107,8
"27","NCT02637531","triple negative breast cancer (part f)",4487,3876,0.202076352463281,0.161867925707107,8
"28","NCT05694364","triple negative breast cancer malignancies",4487,2115,0.058001787470092,0.161867925707107,8
"29","NCT01421472;NCT03304756","triple negative breast cancer patients",4487,3661,0.186862251240917,0.161867925707107,8
"30","NCT05670925;NCT04504916;NCT05445908;NCT05145907;NCT05750719;NCT03992131;NCT03872791;NCT04024800;NCT01805076;NCT04362462;NCT02527434;NCT02413320;NCT02993094;NCT02427581;NCT03499899;NCT02978716;NCT01695057;NCT01986426;NCT04803084;NCT00031681;NCT04584112;NCT01918306;NCT04148911;NCT01391143;NCT02985658;NCT01881230;NCT04129996;NCT05438706;NCT03154749;NCT03805399;NCT04445844;NCT04914390;NCT01818063;NCT03674827;NCT04248998;NCT03761914;NCT01151449;NCT05749588;NCT04750382;NCT02981303;NCT05037825;NCT04501523;NCT04099277;NCT03639948;NCT02348320;NCT03197935;NCT01372579;NCT03538028;NCT02307240;NCT05076682;NCT03345485;NCT05806060;NCT05760378;NCT05192798;NCT04770272;NCT02161679;NCT02401347;NCT04085276;NCT02078752;NCT05556200;NCT03125902;NCT03621982;NCT05492682;NCT04481763;NCT04808362;NCT03652077;NCT02583542;NCT00986609;NCT01234532;NCT03017573;NCT05252390;NCT04177108;NCT03775928;NCT03932526;NCT05843292;NCT03243838;NCT01104259;NCT02315196;NCT01292083;NCT02071862;NCT04582955;NCT04787042;NCT01525966;NCT04790305;NCT01091454;NCT05336721;NCT04457700;NCT04296175;NCT00733408;NCT01306032;NCT02393794;NCT04958785;NCT04432857;NCT04213898;NCT02685306;NCT04138719;NCT03829436;NCT05953168;NCT04192903;NCT03002103","triple-negative breast cancer",4487,536,0.126552539626989,0.161867925707107,8
"31","NCT04229381;NCT05641870","unresectable lung carcinoma",4991,1652,0.394337801545125,0.390252348850357,5
"32","NCT03965689;NCT02419495;NCT04310020;NCT04092283;NCT03225664;NCT04229381;NCT04505267;NCT04013542;NCT05339022;NCT02955290;NCT02706392;NCT05269381;NCT03801902;NCT04751747;NCT05136846;NCT05166616;NCT05837052;NCT03132532","unresectable lung non-small cell carcinoma",4991,1652,0.44963974228431,0.390252348850357,5
"33","NCT03965689;NCT04971187","unresectable lung non-squamous non-small cell carcinoma",4991,1652,0.362416051287779,0.390252348850357,5
"34","NCT05339022;NCT02595931;NCT04514497;NCT02498613","unresectable lung small cell carcinoma",4991,1652,0.33408724576283,0.390252348850357,5
"35","NCT05696782;NCT05873439;NCT04670445","unresectable non-small cell lung carcinoma",4991,1652,0.41078090337174,0.390252348850357,5
"36","NCT00586391;NCT00001271;NCT01593696;NCT00001512;NCT00001572;NCT05691153;NCT03307746;NCT00169468;NCT03146533;NCT02965092;NCT01626495;NCT05415098;NCT05412290;NCT05332054;NCT03383952;NCT03366324;NCT03166878;NCT04088864;NCT04747093;NCT01799083;NCT01109069;NCT05113069;NCT02132624;NCT03366350;NCT02898259;NCT03398967;NCT04418141;NCT03302403;NCT04637763;NCT03101709;NCT04007978;NCT04782193;NCT03258047;NCT05385263;NCT04008251;NCT02547948;NCT03995147;NCT01148108;NCT03881774;NCT03478514;NCT03854994;NCT04018248;NCT03670888;NCT03929107;NCT04156243;NCT04289220;NCT00741871;NCT05286164;NCT00841945;NCT03999697;NCT04156178;NCT00880867;NCT04036019","b cell lymphoma",5345,46,0.113878394866126,0.138949249224747,7
"37","NCT04429438","b cell lymphoma (bcl)",5345,3860,0.100828864714393,0.138949249224747,7
"38","NCT01955668;NCT02650414;NCT03920631;NCT02840110","b cell lymphomas",5345,46,0.2106581545446,0.138949249224747,7
"39","NCT04488016","b-cell lymphoid cancer",5345,46,0.13313160584041,0.138949249224747,7
"40","NCT03734601;NCT05270057;NCT03448393;NCT05731375;NCT03740529;NCT05442515;NCT01980654;NCT04148430;NCT04260932;NCT03098355;NCT03761056;NCT04023071;NCT03424122;NCT01788189;NCT05365659;NCT00001582;NCT00085696;NCT00209014;NCT02963038;NCT00097929;NCT06002659;NCT05757700;NCT04599634;NCT04035434;NCT03804996;NCT03467373;NCT03133221;NCT05281809;NCT02266147;NCT03424603;NCT02661035;NCT04877080;NCT00946023;NCT05643742;NCT01459653;NCT04796688;NCT04814004;NCT03003039;NCT00054665;NCT05016947;NCT02933320;NCT02300402;NCT05739227;NCT03068416;NCT02055924;NCT04491370;NCT04313608;NCT05024045;NCT02741388;NCT05611853;NCT02354846;NCT05934838;NCT03559439;NCT05495828;NCT05929716;NCT03281551;NCT04993690;NCT01980628;NCT00761384;NCT00965289;NCT00849654;NCT00542919;NCT05590221;NCT05092451;NCT00968760;NCT03060850;NCT01044004;NCT05653271;NCT05014100;NCT00299494;NCT00788606;NCT04804254;NCT00486759;NCT00481871;NCT05570188;NCT01284192;NCT03787056;NCT03189524;NCT01300793;NCT05487651;NCT01647971;NCT02900716;NCT04213469;NCT00316511;NCT04641806;NCT04539119;NCT02842138;NCT05755828;NCT05615636;NCT00906841;NCT05379647;NCT05015972;NCT02395601;NCT00895661;NCT00162656;NCT04264039;NCT05932173;NCT04045028;NCT00434629;NCT00138086;NCT00338494;NCT02945215;NCT04792502","b-cell lymphoma",5345,46,0.146572190178373,0.138949249224747,7
"41","NCT01478269;NCT01613300;NCT01744912;NCT02247609;NCT05160064;NCT03218072;NCT00801216;NCT05773040;NCT01068392;NCT02891590","b-cell lymphomas",5345,46,0.227118628620733,0.138949249224747,7
"42","NCT00697346","b-cell small lymphocytic lymphoma",5345,3303,0.0404569058085927,0.138949249224747,7
