"","LTE-3+Euclidean distance","e5-large+Euclidean distance","LTE-3+AP","all-mpnet-base-v2+Euclidean distance","ADA-002+Euclidean distance","all-MiniLM-L12-v2+Euclidean distance","all-MiniLM-L6-v2+Euclidean distance","ADA-002+AP","LTE-3+K-means","ADA-002+K-means","nomic+Euclidean distance","all-roberta-large-v1+Euclidean distance","gtr-t5-large+Euclidean distance","e5large_v2+Euclidean distance","embed-english-v2.0+Euclidean distance","sapBERT+Euclidean distance","ClinicalBERT+Euclidean distance","BioGPT+Euclidean distance","LaBSE+Euclidean distance","Levenshtein","MedLlama_13B+Euclidean distance","Levenshtein+AP","Llama3.3_70B+Euclidean distance","Jaro Winkler","Jaro Winkler+AP","Cosine","DeepSeek_8B+Euclidean distance","Cosine+AP","PubMedBERT+Euclidean distance","sciBERT+Euclidean distance","LLama3.2_3B+Euclidean distance","BioBERT+Euclidean distance","LLama3.0+Euclidean distance","ModernBERT+Euclidean distance","Phi-4+Euclidean distance","MedLlama2+Euclidean distance"
"LTE-3+Euclidean distance",NA,0.611090270172413,0.00549643054154701,0.19739672451859,0.123093099069383,0.0624335692300689,0.052783983018157,0.00863331879260799,1.91627104469645e-06,0.000760946116376565,4.80170684649701e-07,5.73778700017466e-11,9.43055282885845e-14,8.23426677595753e-17,2.4158967606421e-23,8.60181017561777e-39,9.85057258449954e-60,1.16688450926161e-59,3.12340421485678e-75,1.02394493749518e-79,9.51243432244585e-91,2.1182104345245e-87,1.3340448134134e-95,9.00081105359442e-102,1.80209972950345e-104,2.02735838632383e-105,2.96770065378971e-107,1.09507302640186e-107,1.54246384883174e-108,3.40781677622286e-111,4.40251158167748e-113,4.4298412639242e-114,3.15647767688974e-114,2.66620238525645e-116,3.92935711038835e-123,1.54741351399863e-125
"e5-large+Euclidean distance",0.611090270172413,NA,0.701568690811604,0.402540644403493,0.383213300729017,0.124318339683794,0.0819427907812138,0.0525066443458829,0.0509759092694764,0.0058062207569314,8.69280887388028e-07,1.30760260092016e-10,1.729767758715e-13,1.83553988908463e-16,8.63105097944563e-19,2.29553964949905e-32,4.31538263900065e-57,1.76168391527613e-56,1.95634042486439e-71,1.65713304015222e-71,4.64507547137666e-83,1.50762193592278e-79,1.16427796919733e-90,1.37529026385699e-91,3.09687349616643e-94,8.80532785888841e-101,7.83157207061883e-101,4.8217542976308e-103,7.13935479071453e-107,5.2044387470171e-108,2.12775708030223e-106,1.49826315284785e-110,9.12650970804329e-111,2.12214914620182e-112,1.54179121391111e-118,1.15033079590676e-123
"LTE-3+AP",0.00549643054154701,0.701568690811604,NA,0.826958656749064,0.715117515393453,0.418710888496221,0.38537184358426,0.144903040818822,0.00325040006997771,0.0218170524504714,0.000153809666789165,7.20258671115014e-08,7.73890892245722e-10,1.96261180215975e-12,3.31122939475086e-19,8.54899800228726e-33,2.46480107149854e-52,4.9764979306765e-53,3.74764748559152e-68,2.74077421149557e-74,4.80653176484104e-84,3.09587739062658e-82,1.17449788751943e-89,7.46515744111252e-97,1.43210727979141e-99,1.76448377406523e-99,6.34624334097766e-101,4.23519795011753e-102,6.2226664168056e-102,4.83676302474328e-106,1.42145445411496e-107,2.0351143866558e-107,1.78589758304294e-109,8.38326854339558e-111,6.5175044449045e-117,9.79110202941517e-121
"all-mpnet-base-v2+Euclidean distance",0.19739672451859,0.402540644403493,0.826958656749064,NA,0.954376554445492,0.477779896107058,0.442050748256772,0.25139081094983,0.209963256698937,0.0553614915108863,2.444468996091e-05,3.95008572898573e-10,1.31046025446605e-10,2.42368828578163e-14,2.01552065032541e-17,2.78069787794691e-30,3.23182943885182e-55,2.93900834083631e-52,2.0511165577967e-67,6.26928104346796e-70,4.79986953428378e-79,5.0456868829571e-78,6.66633793919952e-88,3.33559761380574e-88,3.31330429065603e-90,1.224244515086e-96,1.56145895545395e-99,5.83829857831991e-99,4.90541129425975e-103,1.26679267513255e-104,4.16559315532679e-105,3.29965336489596e-108,1.13266334635459e-106,3.66931940076023e-110,7.24148708990309e-115,4.01076811534719e-120
"ADA-002+Euclidean distance",0.123093099069383,0.383213300729017,0.715117515393453,0.954376554445492,NA,0.638003080947848,0.573597431428941,0.00161484433122676,0.215288967186803,0.000393746430908307,0.000314633651336735,1.40870058148992e-07,9.09114411962982e-11,6.12196757569712e-12,2.84338034114356e-18,6.5101280459476e-30,3.73742767446373e-51,1.32878417708204e-52,5.43824238897783e-67,3.48138283964898e-72,6.64961068497564e-83,9.61125312138964e-81,1.75717517158426e-87,1.78356235577126e-92,8.29484375249816e-95,7.87486439688726e-100,2.87474170152287e-101,9.58127039176712e-102,5.43470019644125e-103,6.50833025622449e-108,2.96770065378971e-107,5.9991139379632e-109,2.19584248493749e-111,1.64128972505405e-111,1.28929956239277e-116,6.29082368678206e-122
"all-MiniLM-L12-v2+Euclidean distance",0.0624335692300689,0.124318339683794,0.418710888496221,0.477779896107058,0.638003080947848,NA,1,0.649867586599148,0.53102741394316,0.218905171635151,0.00160889809457122,1.72577529580123e-06,7.61159034200196e-10,2.61092196103591e-11,2.83069694623531e-14,1.42936444705883e-24,4.61771234996627e-51,4.65332984863278e-49,2.65992572408129e-63,8.3583743536262e-67,1.29112420508112e-74,7.98124723855865e-75,1.25496591574507e-82,4.92057790287678e-84,5.01301503816326e-86,3.62374131249503e-97,4.28351908861497e-94,1.62285624866011e-99,1.57558753657097e-96,3.30081165089583e-100,4.89549873095075e-101,2.85297244598778e-102,6.14345179961009e-102,8.11723562124067e-107,1.36031295208894e-112,1.91566058108171e-116
"all-MiniLM-L6-v2+Euclidean distance",0.052783983018157,0.0819427907812138,0.38537184358426,0.442050748256772,0.573597431428941,1,NA,0.674225799231099,0.560706242462419,0.219923367922643,0.00153703517158369,2.90317965708625e-06,2.83937502741301e-09,1.85047295754805e-11,2.34263160213516e-14,1.59982670037095e-24,1.98519356412446e-54,4.64487605996724e-50,1.11850022272542e-63,5.33996434029826e-68,5.37309764429198e-75,1.6723330560086e-75,9.86176683159173e-83,4.72889733415134e-85,4.69732276998977e-87,3.67532088527279e-95,1.47135583643294e-94,1.79691078023207e-97,1.18394025418349e-96,4.86711294603747e-101,3.65985437811249e-101,3.93325671993255e-103,9.30601845626664e-103,1.27777403169874e-106,2.25111673393699e-111,6.5175044449045e-117
"ADA-002+AP",0.00863331879260799,0.0525066443458829,0.144903040818822,0.25139081094983,0.00161484433122676,0.649867586599148,0.674225799231099,NA,0.86034168619481,0.149428081402869,0.0187446073636564,4.08935348458244e-05,2.48948482679417e-07,1.10312924603346e-08,3.14841620489876e-14,2.88094499815184e-24,5.04228437301828e-44,6.72150141548619e-46,6.25941073073497e-59,6.17233605691001e-65,3.86636551102273e-75,3.12493312919399e-73,2.3531006307068e-81,5.95413361417825e-85,1.34343089438107e-87,2.05497007535863e-92,1.33899956957642e-94,9.61341829667447e-95,1.1811035558491e-95,1.89791635300718e-100,7.24333605318569e-100,4.01914751913436e-101,2.58936805634605e-104,2.63000754074161e-105,1.79257072206073e-110,1.00033154990719e-115
"LTE-3+K-means",1.91627104469645e-06,0.0509759092694764,0.00325040006997771,0.209963256698937,0.215288967186803,0.53102741394316,0.560706242462419,0.86034168619481,NA,0.596687484936998,0.044493533794218,0.000331332085803035,7.09496241395588e-06,9.36666637182166e-08,3.07430076405037e-12,2.40859693062413e-24,3.03743651695404e-43,4.81723902776269e-43,2.50799568882398e-57,1.62544801643061e-62,3.48138283964898e-72,1.12459531474837e-70,6.98061354936886e-80,4.47270058408378e-85,9.4644720709295e-89,3.36609683688092e-90,2.42949761119083e-90,7.35164198948996e-93,4.074329273039e-93,8.85385842816333e-97,1.28424735946755e-97,3.79202390020084e-97,3.02811547814812e-98,5.31859476876161e-100,7.25933612262688e-108,2.23810345056991e-112
"ADA-002+K-means",0.000760946116376565,0.0058062207569314,0.0218170524504714,0.0553614915108863,0.000393746430908307,0.218905171635151,0.219923367922643,0.149428081402869,0.596687484936998,NA,0.147333870992017,0.001428352985,3.60497437795721e-05,1.63169282764594e-06,2.48368132510216e-11,1.11337476577591e-20,4.30184902523891e-39,3.56899316841401e-40,4.77327969273312e-54,5.80197001549192e-59,1.64273786487375e-69,4.77710027155405e-68,1.17104738755807e-75,4.07688784794189e-80,4.74560359414052e-83,9.67999246314116e-88,1.47503601535857e-88,4.46677518141497e-90,1.13096492176206e-91,1.02780415291277e-95,1.58698070300539e-95,4.46449187804217e-96,1.55897587453312e-98,6.15074923283702e-100,3.90441588145575e-105,2.19584248493749e-111
"nomic+Euclidean distance",4.80170684649701e-07,8.69280887388028e-07,0.000153809666789165,2.444468996091e-05,0.000314633651336735,0.00160889809457122,0.00153703517158369,0.0187446073636564,0.044493533794218,0.147333870992017,NA,0.0571532864168339,0.00177857476839715,2.59070332127905e-05,1.35164671005712e-07,1.7468715919419e-18,4.21732061227101e-46,4.83955380320103e-39,1.17354839221922e-55,1.87219528053879e-57,8.00312755154249e-64,4.98419499850719e-66,1.52519282702836e-73,3.43892685870746e-76,3.37401712824354e-78,1.15352002414547e-85,4.66912310744444e-85,5.23051897142317e-88,6.27666405498433e-89,2.30650652159927e-92,2.03730462791601e-91,8.48239044681052e-94,4.1470014289539e-94,1.62544362390524e-95,3.7515993036188e-102,1.85948631340299e-106
"all-roberta-large-v1+Euclidean distance",5.73778700017466e-11,1.30760260092016e-10,7.20258671115014e-08,3.95008572898573e-10,1.40870058148992e-07,1.72577529580123e-06,2.90317965708625e-06,4.08935348458244e-05,0.000331332085803035,0.001428352985,0.0571532864168339,NA,0.432750598000383,0.0676238955487835,0.000168076060540691,4.4133008552671e-12,4.69091263920957e-29,3.70925383652188e-31,3.97379337367175e-46,1.72131458307355e-47,6.88545576755737e-60,4.75539549561251e-56,2.20431950669312e-66,7.1795149942946e-68,4.6365957931283e-71,5.44901474349603e-76,3.78779473446978e-77,5.42512950304738e-79,1.3670001147658e-80,2.88051310119688e-81,1.90729853903191e-83,2.43982339279052e-84,8.85391188113657e-86,1.89672144496774e-91,5.98766953705617e-95,2.43279227137545e-100
"gtr-t5-large+Euclidean distance",9.43055282885845e-14,1.729767758715e-13,7.73890892245722e-10,1.31046025446605e-10,9.09114411962982e-11,7.61159034200196e-10,2.83937502741301e-09,2.48948482679417e-07,7.09496241395588e-06,3.60497437795721e-05,0.00177857476839715,0.432750598000383,NA,0.246577864760804,0.00790796908319912,1.93036400227012e-09,4.82375327008452e-31,1.87161921046207e-27,5.12153782023177e-44,1.07662740447186e-47,3.00911935196086e-54,4.74911030899684e-56,1.52937720271384e-62,8.06920911790766e-66,7.93223816455115e-68,2.08651668733514e-76,3.12493312919399e-73,4.01472439119777e-79,1.17104738755807e-75,5.89275870605968e-80,8.28604475622888e-80,2.40818022992205e-80,5.9266369667151e-86,6.23320151503342e-84,3.08807282130434e-90,1.18394025418349e-96
"e5large_v2+Euclidean distance",8.23426677595753e-17,1.83553988908463e-16,1.96261180215975e-12,2.42368828578163e-14,6.12196757569712e-12,2.61092196103591e-11,1.85047295754805e-11,1.10312924603346e-08,9.36666637182166e-08,1.63169282764594e-06,2.59070332127905e-05,0.0676238955487835,0.246577864760804,NA,0.121252795123361,3.26107920154706e-07,1.72156489687095e-26,2.41765377321039e-24,1.50049565247869e-37,2.41189235780336e-40,1.32981207422202e-50,1.26830158660326e-48,5.445305813162e-58,1.31578612572075e-59,6.86698564965737e-62,4.8246155688455e-68,7.93005139645425e-67,2.27831495560752e-70,2.84181896893297e-72,1.36853694588633e-76,2.95422373099294e-73,2.56991855610688e-76,4.10449393864589e-78,2.95572583883886e-79,7.28679504468734e-86,1.24568979431011e-92
"embed-english-v2.0+Euclidean distance",2.4158967606421e-23,8.63105097944563e-19,3.31122939475086e-19,2.01552065032541e-17,2.84338034114356e-18,2.83069694623531e-14,2.34263160213516e-14,3.14841620489876e-14,3.07430076405037e-12,2.48368132510216e-11,1.35164671005712e-07,0.000168076060540691,0.00790796908319912,0.121252795123361,NA,0.000584656634311153,5.74714115381e-16,2.2030190941919e-17,6.6915842474982e-29,3.54321712598706e-34,7.46725332191488e-43,9.41666698674796e-42,5.7973904428514e-51,5.15458847929968e-55,7.43308406221539e-58,6.55349951313583e-64,1.83573136292378e-59,1.38868941597779e-66,8.39801549855931e-64,2.07066317629775e-66,1.50422541041406e-67,2.64080240991558e-69,2.94631055889495e-69,2.90245457836487e-77,3.63468490387847e-80,8.03381757122997e-85
"sapBERT+Euclidean distance",8.60181017561777e-39,2.29553964949905e-32,8.54899800228726e-33,2.78069787794691e-30,6.5101280459476e-30,1.42936444705883e-24,1.59982670037095e-24,2.88094499815184e-24,2.40859693062413e-24,1.11337476577591e-20,1.7468715919419e-18,4.4133008552671e-12,1.93036400227012e-09,3.26107920154706e-07,0.000584656634311153,NA,6.38885627933297e-07,1.15244640929866e-06,1.78453194921076e-16,1.08053624255647e-19,1.32407916952826e-27,2.40166942890572e-26,1.06645155403589e-35,2.00676213979054e-38,1.39869656942164e-40,8.48373218435098e-47,7.85915532787495e-45,2.46920740687723e-49,2.60699842213507e-50,1.64474527518188e-50,7.8195056009191e-52,6.69167789158355e-54,3.71405275688275e-55,8.75243922070718e-58,8.69570401784141e-65,1.12450153922915e-68
"ClinicalBERT+Euclidean distance",9.85057258449954e-60,4.31538263900065e-57,2.46480107149854e-52,3.23182943885182e-55,3.73742767446373e-51,4.61771234996627e-51,1.98519356412446e-54,5.04228437301828e-44,3.03743651695404e-43,4.30184902523891e-39,4.21732061227101e-46,4.69091263920957e-29,4.82375327008452e-31,1.72156489687095e-26,5.74714115381e-16,6.38885627933297e-07,NA,1,0.00279124876998517,4.01055925213319e-06,2.50228025691601e-10,7.85061331285867e-11,7.59445978083725e-17,4.12901639765222e-18,3.01998575447224e-20,1.04164128590756e-25,1.75899415753759e-24,5.741930715981e-28,2.80337275432954e-26,3.13037481176437e-32,5.30940576079551e-30,8.12560542521952e-32,5.58726570419121e-33,2.64570522552039e-35,4.47571837393131e-41,2.03711380346031e-47
"BioGPT+Euclidean distance",1.16688450926161e-59,1.76168391527613e-56,4.9764979306765e-53,2.93900834083631e-52,1.32878417708204e-52,4.65332984863278e-49,4.64487605996724e-50,6.72150141548619e-46,4.81723902776269e-43,3.56899316841401e-40,4.83955380320103e-39,3.70925383652188e-31,1.87161921046207e-27,2.41765377321039e-24,2.2030190941919e-17,1.15244640929866e-06,1,NA,0.00256417395797014,1.86372591354394e-06,2.78012048793912e-13,4.26369670436588e-11,1.88378876874121e-19,4.70480834091792e-20,2.83188279560647e-22,4.60012139607208e-23,1.89504947033641e-24,1.29300679969719e-25,6.92770767062773e-30,7.87961330027173e-32,7.13246305690103e-31,1.32179236078358e-32,9.38577040216551e-34,4.17629719908633e-40,5.211631463307e-42,1.49383243640189e-48
"LaBSE+Euclidean distance",3.12340421485678e-75,1.95634042486439e-71,3.74764748559152e-68,2.0511165577967e-67,5.43824238897783e-67,2.65992572408129e-63,1.11850022272542e-63,6.25941073073497e-59,2.50799568882398e-57,4.77327969273312e-54,1.17354839221922e-55,3.97379337367175e-46,5.12153782023177e-44,1.50049565247869e-37,6.6915842474982e-29,1.78453194921076e-16,0.00279124876998517,0.00256417395797014,NA,0.0891512391491499,0.000142573261456613,0.000261355095047275,1.17403148869651e-08,6.75440609257851e-11,1.63358424275671e-12,2.79354456534228e-17,1.20519711338832e-15,1.99761286009201e-19,1.71095178783078e-18,2.02630674663396e-20,1.92126023263591e-20,6.72008707071132e-22,5.82476687407753e-23,1.29726844476092e-26,7.08344133296796e-33,1.02609403570534e-38
"Levenshtein",1.02394493749518e-79,1.65713304015222e-71,2.74077421149557e-74,6.26928104346796e-70,3.48138283964898e-72,8.3583743536262e-67,5.33996434029826e-68,6.17233605691001e-65,1.62544801643061e-62,5.80197001549192e-59,1.87219528053879e-57,1.72131458307355e-47,1.07662740447186e-47,2.41189235780336e-40,3.54321712598706e-34,1.08053624255647e-19,4.01055925213319e-06,1.86372591354394e-06,0.0891512391491499,NA,0.039468380455071,1.99948706439047e-07,3.26830334330063e-05,2.75841777150587e-08,1.12219760760603e-09,6.64873070006256e-10,1.31046025446605e-10,8.09686646285706e-12,1.14918759031719e-11,4.47671978007454e-14,2.59717891954314e-15,1.08185902128095e-15,2.32294012357443e-17,3.50108142218896e-21,2.11708706981917e-26,3.82250446345906e-31
"MedLlama_13B+Euclidean distance",9.51243432244585e-91,4.64507547137666e-83,4.80653176484104e-84,4.79986953428378e-79,6.64961068497564e-83,1.29112420508112e-74,5.37309764429198e-75,3.86636551102273e-75,3.48138283964898e-72,1.64273786487375e-69,8.00312755154249e-64,6.88545576755737e-60,3.00911935196086e-54,1.32981207422202e-50,7.46725332191488e-43,1.32407916952826e-27,2.50228025691601e-10,2.78012048793912e-13,0.000142573261456613,0.039468380455071,NA,1,0.0494312803298325,0.00168133440783269,9.26861051401849e-05,6.69160354922751e-05,2.14207572711526e-05,3.73575047703548e-06,1.78414847016535e-07,7.75670363195557e-09,4.51693008431738e-09,2.41984094917993e-10,2.07878249359261e-11,7.80059524585038e-15,1.71095178783078e-18,1.86398168114023e-24
"Levenshtein+AP",2.1182104345245e-87,1.50762193592278e-79,3.09587739062658e-82,5.0456868829571e-78,9.61125312138964e-81,7.98124723855865e-75,1.6723330560086e-75,3.12493312919399e-73,1.12459531474837e-70,4.77710027155405e-68,4.98419499850719e-66,4.75539549561251e-56,4.74911030899684e-56,1.26830158660326e-48,9.41666698674796e-42,2.40166942890572e-26,7.85061331285867e-11,4.26369670436588e-11,0.000261355095047275,1.99948706439047e-07,1,NA,0.0797280255900068,0.0019736336111179,0.000152899037027388,3.85654969454051e-05,1.02284495845971e-05,1.28490661609239e-06,9.31978099983761e-07,2.00953576077791e-08,2.67026281906715e-09,1.24620705740453e-09,4.92131684868747e-11,5.3446907249918e-14,1.87959464454512e-18,5.10268644260237e-23
"Llama3.3_70B+Euclidean distance",1.3340448134134e-95,1.16427796919733e-90,1.17449788751943e-89,6.66633793919952e-88,1.75717517158426e-87,1.25496591574507e-82,9.86176683159173e-83,2.3531006307068e-81,6.98061354936886e-80,1.17104738755807e-75,1.52519282702836e-73,2.20431950669312e-66,1.52937720271384e-62,5.445305813162e-58,5.7973904428514e-51,1.06645155403589e-35,7.59445978083725e-17,1.88378876874121e-19,1.17403148869651e-08,3.26830334330063e-05,0.0494312803298325,0.0797280255900068,NA,0.245901902658905,0.0556455174507593,0.0121553030686478,0.00549041460581892,0.00117782545275242,0.000331734953510079,2.38797592705318e-05,1.43148335695762e-05,4.09467025059266e-06,1.74503802164555e-07,2.13577487648428e-10,6.1918226186091e-15,8.02369444267983e-19
"Jaro Winkler",9.00081105359442e-102,1.37529026385699e-91,7.46515744111252e-97,3.33559761380574e-88,1.78356235577126e-92,4.92057790287678e-84,4.72889733415134e-85,5.95413361417825e-85,4.47270058408378e-85,4.07688784794189e-80,3.43892685870746e-76,7.1795149942946e-68,8.06920911790766e-66,1.31578612572075e-59,5.15458847929968e-55,2.00676213979054e-38,4.12901639765222e-18,4.70480834091792e-20,6.75440609257851e-11,2.75841777150587e-08,0.00168133440783269,0.0019736336111179,0.245901902658905,NA,0.0338204594040386,0.15994595107541,0.100622099966766,0.0312195052695479,0.0153295682115089,0.00221929299298169,0.000954088523685484,0.000366179295844821,3.60497437795721e-05,5.71768864492566e-07,2.03184355002069e-10,3.22967712504869e-14
"Jaro Winkler+AP",1.80209972950345e-104,3.09687349616643e-94,1.43210727979141e-99,3.31330429065603e-90,8.29484375249816e-95,5.01301503816326e-86,4.69732276998977e-87,1.34343089438107e-87,9.4644720709295e-89,4.74560359414052e-83,3.37401712824354e-78,4.6365957931283e-71,7.93223816455115e-68,6.86698564965737e-62,7.43308406221539e-58,1.39869656942164e-40,3.01998575447224e-20,2.83188279560647e-22,1.63358424275671e-12,1.12219760760603e-09,9.26861051401849e-05,0.000152899037027388,0.0556455174507593,0.0338204594040386,NA,0.542226869070487,0.347336843947163,0.177070870725298,0.0944495196959012,0.0209042682081234,0.0112435554778182,0.00543565317553963,0.000863543336117867,3.34123362244063e-05,3.18891982496522e-08,1.20296843988764e-11
"Cosine",2.02735838632383e-105,8.80532785888841e-101,1.76448377406523e-99,1.224244515086e-96,7.87486439688726e-100,3.62374131249503e-97,3.67532088527279e-95,2.05497007535863e-92,3.36609683688092e-90,9.67999246314116e-88,1.15352002414547e-85,5.44901474349603e-76,2.08651668733514e-76,4.8246155688455e-68,6.55349951313583e-64,8.48373218435098e-47,1.04164128590756e-25,4.60012139607208e-23,2.79354456534228e-17,6.64873070006256e-10,6.69160354922751e-05,3.85654969454051e-05,0.0121553030686478,0.15994595107541,0.542226869070487,NA,0.70646842785315,0.0254117065896394,0.293348544036367,0.0870951605142772,0.0461502504109035,0.0346127864459054,0.00705135698430815,0.000403316968997403,9.87086515239885e-08,1.4546916398663e-10
"DeepSeek_8B+Euclidean distance",2.96770065378971e-107,7.83157207061883e-101,6.34624334097766e-101,1.56145895545395e-99,2.87474170152287e-101,4.28351908861497e-94,1.47135583643294e-94,1.33899956957642e-94,2.42949761119083e-90,1.47503601535857e-88,4.66912310744444e-85,3.78779473446978e-77,3.12493312919399e-73,7.93005139645425e-67,1.83573136292378e-59,7.85915532787495e-45,1.75899415753759e-24,1.89504947033641e-24,1.20519711338832e-15,1.31046025446605e-10,2.14207572711526e-05,1.02284495845971e-05,0.00549041460581892,0.100622099966766,0.347336843947163,0.70646842785315,NA,0.853947673612544,0.573597431428941,0.166624679825347,0.0448466582450968,0.0770633277093404,0.0045524815793276,0.00532196811162117,7.1836670525783e-08,5.1129399624939e-12
"Cosine+AP",1.09507302640186e-107,4.8217542976308e-103,4.23519795011753e-102,5.83829857831991e-99,9.58127039176712e-102,1.62285624866011e-99,1.79691078023207e-97,9.61341829667447e-95,7.35164198948996e-93,4.46677518141497e-90,5.23051897142317e-88,5.42512950304738e-79,4.01472439119777e-79,2.27831495560752e-70,1.38868941597779e-66,2.46920740687723e-49,5.741930715981e-28,1.29300679969719e-25,1.99761286009201e-19,8.09686646285706e-12,3.73575047703548e-06,1.28490661609239e-06,0.00117782545275242,0.0312195052695479,0.177070870725298,0.0254117065896394,0.853947673612544,NA,0.741845045766817,0.317294562672482,0.203728653994696,0.173286831979114,0.0500313500759773,0.00536564647539058,4.82697196756137e-06,2.00472323086913e-08
"PubMedBERT+Euclidean distance",1.54246384883174e-108,7.13935479071453e-107,6.2226664168056e-102,4.90541129425975e-103,5.43470019644125e-103,1.57558753657097e-96,1.18394025418349e-96,1.1811035558491e-95,4.074329273039e-93,1.13096492176206e-91,6.27666405498433e-89,1.3670001147658e-80,1.17104738755807e-75,2.84181896893297e-72,8.39801549855931e-64,2.60699842213507e-50,2.80337275432954e-26,6.92770767062773e-30,1.71095178783078e-18,1.14918759031719e-11,1.78414847016535e-07,9.31978099983761e-07,0.000331734953510079,0.0153295682115089,0.0944495196959012,0.293348544036367,0.573597431428941,0.741845045766817,NA,0.479564184313902,0.359664200220589,0.275699796572687,0.103926122479675,0.01790338907641,9.68836876614286e-06,8.54679688660868e-08
"sciBERT+Euclidean distance",3.40781677622286e-111,5.2044387470171e-108,4.83676302474328e-106,1.26679267513255e-104,6.50833025622449e-108,3.30081165089583e-100,4.86711294603747e-101,1.89791635300718e-100,8.85385842816333e-97,1.02780415291277e-95,2.30650652159927e-92,2.88051310119688e-81,5.89275870605968e-80,1.36853694588633e-76,2.07066317629775e-66,1.64474527518188e-50,3.13037481176437e-32,7.87961330027173e-32,2.02630674663396e-20,4.47671978007454e-14,7.75670363195557e-09,2.00953576077791e-08,2.38797592705318e-05,0.00221929299298169,0.0209042682081234,0.0870951605142772,0.166624679825347,0.317294562672482,0.479564184313902,NA,0.836097779670957,0.777328697010982,0.314331880031623,0.109431169340715,0.00032886295107473,3.24965508509582e-07
"LLama3.2_3B+Euclidean distance",4.40251158167748e-113,2.12775708030223e-106,1.42145445411496e-107,4.16559315532679e-105,2.96770065378971e-107,4.89549873095075e-101,3.65985437811249e-101,7.24333605318569e-100,1.28424735946755e-97,1.58698070300539e-95,2.03730462791601e-91,1.90729853903191e-83,8.28604475622888e-80,2.95422373099294e-73,1.50422541041406e-67,7.8195056009191e-52,5.30940576079551e-30,7.13246305690103e-31,1.92126023263591e-20,2.59717891954314e-15,4.51693008431738e-09,2.67026281906715e-09,1.43148335695762e-05,0.000954088523685484,0.0112435554778182,0.0461502504109035,0.0448466582450968,0.203728653994696,0.359664200220589,0.836097779670957,NA,1,0.371103511513367,0.198148511818265,0.000274951854295451,2.47036812759474e-07
"BioBERT+Euclidean distance",4.4298412639242e-114,1.49826315284785e-110,2.0351143866558e-107,3.29965336489596e-108,5.9991139379632e-109,2.85297244598778e-102,3.93325671993255e-103,4.01914751913436e-101,3.79202390020084e-97,4.46449187804217e-96,8.48239044681052e-94,2.43982339279052e-84,2.40818022992205e-80,2.56991855610688e-76,2.64080240991558e-69,6.69167789158355e-54,8.12560542521952e-32,1.32179236078358e-32,6.72008707071132e-22,1.08185902128095e-15,2.41984094917993e-10,1.24620705740453e-09,4.09467025059266e-06,0.000366179295844821,0.00543565317553963,0.0346127864459054,0.0770633277093404,0.173286831979114,0.275699796572687,0.777328697010982,1,NA,0.525547754943514,0.198900671185494,0.000951947751609663,5.00387527858578e-06
"LLama3.0+Euclidean distance",3.15647767688974e-114,9.12650970804329e-111,1.78589758304294e-109,1.13266334635459e-106,2.19584248493749e-111,6.14345179961009e-102,9.30601845626664e-103,2.58936805634605e-104,3.02811547814812e-98,1.55897587453312e-98,4.1470014289539e-94,8.85391188113657e-86,5.9266369667151e-86,4.10449393864589e-78,2.94631055889495e-69,3.71405275688275e-55,5.58726570419121e-33,9.38577040216551e-34,5.82476687407753e-23,2.32294012357443e-17,2.07878249359261e-11,4.92131684868747e-11,1.74503802164555e-07,3.60497437795721e-05,0.000863543336117867,0.00705135698430815,0.0045524815793276,0.0500313500759773,0.103926122479675,0.314331880031623,0.371103511513367,0.525547754943514,NA,0.568336796160269,0.00414845467627226,1.19377893167874e-05
"ModernBERT+Euclidean distance",2.66620238525645e-116,2.12214914620182e-112,8.38326854339558e-111,3.66931940076023e-110,1.64128972505405e-111,8.11723562124067e-107,1.27777403169874e-106,2.63000754074161e-105,5.31859476876161e-100,6.15074923283702e-100,1.62544362390524e-95,1.89672144496774e-91,6.23320151503342e-84,2.95572583883886e-79,2.90245457836487e-77,8.75243922070718e-58,2.64570522552039e-35,4.17629719908633e-40,1.29726844476092e-26,3.50108142218896e-21,7.80059524585038e-15,5.3446907249918e-14,2.13577487648428e-10,5.71768864492566e-07,3.34123362244063e-05,0.000403316968997403,0.00532196811162117,0.00536564647539058,0.01790338907641,0.109431169340715,0.198148511818265,0.198900671185494,0.568336796160269,NA,0.0974924621414252,0.00471867206491718
"Phi-4+Euclidean distance",3.92935711038835e-123,1.54179121391111e-118,6.5175044449045e-117,7.24148708990309e-115,1.28929956239277e-116,1.36031295208894e-112,2.25111673393699e-111,1.79257072206073e-110,7.25933612262688e-108,3.90441588145575e-105,3.7515993036188e-102,5.98766953705617e-95,3.08807282130434e-90,7.28679504468734e-86,3.63468490387847e-80,8.69570401784141e-65,4.47571837393131e-41,5.211631463307e-42,7.08344133296796e-33,2.11708706981917e-26,1.71095178783078e-18,1.87959464454512e-18,6.1918226186091e-15,2.03184355002069e-10,3.18891982496522e-08,9.87086515239885e-08,7.1836670525783e-08,4.82697196756137e-06,9.68836876614286e-06,0.00032886295107473,0.000274951854295451,0.000951947751609663,0.00414845467627226,0.0974924621414252,NA,0.166694373077695
"MedLlama2+Euclidean distance",1.54741351399863e-125,1.15033079590676e-123,9.79110202941517e-121,4.01076811534719e-120,6.29082368678206e-122,1.91566058108171e-116,6.5175044449045e-117,1.00033154990719e-115,2.23810345056991e-112,2.19584248493749e-111,1.85948631340299e-106,2.43279227137545e-100,1.18394025418349e-96,1.24568979431011e-92,8.03381757122997e-85,1.12450153922915e-68,2.03711380346031e-47,1.49383243640189e-48,1.02609403570534e-38,3.82250446345906e-31,1.86398168114023e-24,5.10268644260237e-23,8.02369444267983e-19,3.22967712504869e-14,1.20296843988764e-11,1.4546916398663e-10,5.1129399624939e-12,2.00472323086913e-08,8.54679688660868e-08,3.24965508509582e-07,2.47036812759474e-07,5.00387527858578e-06,1.19377893167874e-05,0.00471867206491718,0.166694373077695,NA
